"Detection","RecSN","dtf","Hex","Tilt","Volt","Temp","Pres","Amp","Freq","Thresh","nbw","snr","Valid","nPRI","tdiff","winmax"
"   3030","15-6003",2017-03-16 12:04:28,"00CA",91.6,3.77,22.1,0,14981,-522,100,28,54.6,1,5,NA,2017-03-16 12:05:47
"  16314","15-6003",2017-06-08 10:42:00,"00CA",72.1,3.01,16.8,0,16874,86,100,24,56.9,1,5,6.75027894973755,2017-06-08 10:43:19
"  16315","15-6003",2017-06-08 10:42:04,"00CA",72.1,3.01,16.8,0,16230,-145,100,23,57,1,5,4.61042809486389,2017-06-08 10:43:23
"  16317","15-6003",2017-06-08 10:42:09,"00CA",72.1,3.01,16.8,0,16052,76,100,24,56.5,1,5,5.06309795379639,2017-06-08 10:43:28
"  16318","15-6003",2017-06-08 10:43:10,"00CA",76.3,3.02,16.9,0,15814,13,100,29,54.7,1,5,60.7562539577484,2017-06-08 10:44:29
"   8728","15-6003",2017-04-12 13:14:14,"2ECB",51.9,3.56,13.7,0,607,-445,100,545,4,1,5,59.6517021656036,2017-04-12 13:15:33
"   2172","15-6003",2017-03-13 18:37:36,"2EE9",89.8,3.8,22.5,0,100,-1674,100,8,20,1,5,NA,2017-03-13 18:38:55
"   8395","15-6003",2017-04-07 14:02:13,"2EEB",42.8,3.59,13.7,0,743,1058,100,479,5.8,1,5,NA,2017-04-07 14:03:32
"   8396","15-6003",2017-04-07 14:02:33,"2EEB",42.9,3.57,13.6,0,847,1405,100,551,6.8,1,5,20.1558430194855,2017-04-07 14:03:52
"   2948","15-6003",2017-03-16 04:30:57,"2F53",89.9,3.77,11.6,0,118,-1608,100,23,14.2,1,5,NA,2017-03-16 04:32:16
"  11268","15-6003",2017-04-21 07:54:29,"2F53",44.3,3.52,14.9,0,1150,569,100,600,8.7,1,5,3122612.14439988,2017-04-21 07:55:48
"  11269","15-6003",2017-04-21 07:54:34,"2F53",44.3,3.52,14.9,0,1522,485,100,693,9.9,1,5,4.95434403419495,2017-04-21 07:55:53
"   1872","15-6003",2017-03-12 05:19:46,"30B5",89.8,3.81,10.6,0,109,-2137,100,14,17.8,1,5,NA,2017-03-12 05:21:05
"   7776","15-6003",2017-04-01 08:32:49,"3129",41.1,3.63,13.7,0,550,216,100,535,3.3,1,5,NA,2017-04-01 08:34:08
"   7777","15-6003",2017-04-01 08:33:24,"3129",37.8,3.63,13.5,0,777,-170,100,579,5.7,1,5,35.1932501792908,2017-04-01 08:34:43
"   7778","15-6003",2017-04-01 08:33:34,"3129",37.8,3.63,13.5,0,748,728,100,557,5.7,1,5,10.0606799125671,2017-04-01 08:34:53
"    506","15-6003",2017-03-05 14:46:28,"312D",89.8,3.86,10.1,0,90,2796,100,3,19.1,1,5,NA,2017-03-05 14:47:47
"  10619","15-6003",2017-04-18 06:41:17,"3215",38.4,3.52,13.5,0,1170,1969,100,646,8.3,1,5,NA,2017-04-18 06:42:36
"  11331","15-6003",2017-04-21 20:26:20,"3225",45.7,3.51,15.5,0,1018,562,100,578,8,1,5,NA,2017-04-21 20:27:39
"  11332","15-6003",2017-04-21 20:26:30,"3225",43.6,3.51,14.6,0,595,360,100,689,1.8,1,5,9.8443009853363,2017-04-21 20:27:49
"  11333","15-6003",2017-04-21 20:26:35,"3225",43.6,3.51,14.6,0,904,806,100,596,6.7,1,5,4.92412304878235,2017-04-21 20:27:54
"   7962","15-6003",2017-04-03 01:19:47,"3235",45.8,3.61,14.9,0,2135,59,100,611,14,1,5,NA,2017-04-03 01:21:06
"  11782","15-6003",2017-04-26 08:03:50,"3253",43.2,3.51,14.7,0,948,284,100,607,7,1,5,NA,2017-04-26 08:05:09
"  11783","15-6003",2017-04-26 08:04:11,"3253",41.6,3.49,14.8,0,680,-1177,100,684,3,1,5,20.1319680213928,2017-04-26 08:05:30
"   2001","15-6003",2017-03-12 23:54:32,"326D",89.8,3.81,13.5,0,80,-2312,100,8,18.1,1,5,NA,2017-03-12 23:55:51
"   8422","15-6003",2017-04-08 12:39:16,"326D",37.8,3.57,13.1,0,1036,961,100,673,6.8,1,5,2292283.79945707,2017-04-08 12:40:35
"   8423","15-6003",2017-04-08 12:39:36,"326D",41.8,3.58,13.2,0,1075,701,100,592,8.3,1,5,19.9865911006927,2017-04-08 12:40:55
"   8424","15-6003",2017-04-08 12:40:00,"326D",39.5,3.58,13.1,0,644,100,100,661,2.9,1,5,24.9918618202209,2017-04-08 12:41:19
"   8249","15-6003",2017-04-05 12:09:04,"328A",36.9,3.6,14.9,0,1644,695,100,627,11.5,1,5,NA,2017-04-05 12:10:23
"   8053","15-6003",2017-04-03 19:48:50,"328B",45.5,3.6,14.4,0,1067,2129,100,702,6.7,1,5,NA,2017-04-03 19:50:09
"   8054","15-6003",2017-04-03 19:49:59,"328B",39.8,3.61,15,0,746,1580,100,703,3.6,1,5,69.7550301551819,2017-04-03 19:51:18
"   8055","15-6003",2017-04-03 19:50:24,"328B",38.6,3.6,15.3,0,673,569,100,668,3.2,1,5,24.922257900238,2017-04-03 19:51:43
"   8056","15-6003",2017-04-03 19:50:29,"328B",38.6,3.6,15.3,0,898,2133,100,783,4.3,1,5,4.98433899879456,2017-04-03 19:51:48
"    412","15-6003",2017-03-05 03:36:49,"32A2",90,3.86,8.3,0,91,-2618,100,8,19.2,1,5,NA,2017-03-05 03:38:08
"   8266","15-6003",2017-04-05 19:54:57,"32A6",48.6,3.6,15.2,0,680,-443,100,654,3.4,1,5,NA,2017-04-05 19:56:16
"   9320","15-6003",2017-04-13 09:22:29,"32CD",47.3,3.56,14.1,0,929,-187,100,566,7.4,1,5,NA,2017-04-13 09:23:48
"   9321","15-6003",2017-04-13 09:22:34,"32CD",47.3,3.56,14.1,0,1416,-548,100,595,10.6,1,5,4.9922730922699,2017-04-13 09:23:53
"   9322","15-6003",2017-04-13 09:22:44,"32CD",39.4,3.55,14.5,0,1090,-771,100,559,8.9,1,5,9.98872399330139,2017-04-13 09:24:03
"   9323","15-6003",2017-04-13 09:22:59,"32CD",45.8,3.55,14.3,0,1150,-633,100,598,8.8,1,5,14.9915280342102,2017-04-13 09:24:18
"   7577","15-6003",2017-03-29 21:26:53,"32D2",36.3,3.65,14.6,0,585,12,100,703,1.5,1,5,NA,2017-03-29 21:28:12
"  11270","15-6003",2017-04-21 08:46:29,"32DD",39.7,3.53,14.5,0,1106,-276,100,639,7.9,1,5,NA,2017-04-21 08:47:48
"  11032","15-6003",2017-04-20 22:45:30,"3325",41.4,3.52,15.5,0,822,-558,100,657,5,1,5,NA,2017-04-20 22:46:49
"   1058","15-6003",2017-03-09 02:35:38,"3353",90,3.83,11,0,102,-384,100,0,20.2,1,5,NA,2017-03-09 02:36:57
"   8319","15-6003",2017-04-06 05:30:25,"3354",44.1,3.58,14.2,0,3912,933,100,592,19.5,1,5,NA,2017-04-06 05:31:44
"   2085","15-6003",2017-03-13 06:18:31,"336D",89.8,3.81,8.5,0,96,-1901,100,12,18.1,1,5,NA,2017-03-13 06:19:50
"   1843","15-6003",2017-03-12 02:56:24,"342A",89.7,3.81,12,0,99,-1863,100,8,19.9,1,5,NA,2017-03-12 02:57:43
"  16216","15-6003",2017-05-21 07:49:54,"342A",36,3.3,15.7,0,439,-2546,100,748,-99,1,5,6065610.03455091,2017-05-21 07:51:13
"   7570","15-6003",2017-03-29 07:33:28,"342D",39.9,3.64,13.9,0,645,-74,100,561,4.3,1,5,NA,2017-03-29 07:34:47
"   2370","15-6003",2017-03-14 08:21:35,"3453",88.2,3.8,10.3,0,114,-1827,100,16,17.1,1,5,NA,2017-03-14 08:22:54
"    473","15-6003",2017-03-05 11:29:02,"3475",89.9,3.86,9.9,0,92,2554,100,7,19.3,1,5,NA,2017-03-05 11:30:21
"    144","15-6003",2017-03-02 16:22:11,"3491",90,3.89,26.6,0,95,1254,100,2,19.6,1,5,NA,2017-03-02 16:23:30
"    241","15-6003",2017-03-03 18:00:20,"3493",89.8,3.87,18.8,0,104,-538,100,6,20.3,1,5,NA,2017-03-03 18:01:39
"  15657","15-6003",2017-05-04 07:38:32,"349A",51.3,3.44,17.7,0,910,-731,100,832,3.9,1,5,60.4884569644928,2017-05-04 07:39:51
"   3211","15-6003",2017-03-23 23:30:44,"34AF",49.9,3.71,14.1,0,687,721,100,644,3.7,1,5,NA,2017-03-23 23:32:03
"   3212","15-6003",2017-03-23 23:31:19,"34AF",45.4,3.7,13.9,0,915,311,100,553,7.5,1,5,34.9448349475861,2017-03-23 23:32:38
"   3213","15-6003",2017-03-23 23:31:24,"34AF",42.6,3.71,13.9,0,630,138,100,620,3.2,1,5,4.99151492118835,2017-03-23 23:32:43
"   3227","15-6003",2017-03-23 23:34:44,"34AF",38.1,3.71,14.1,0,772,945,100,608,5.2,1,5,199.701201915741,2017-03-23 23:36:03
"   3240","15-6003",2017-03-23 23:35:34,"34AF",35,3.72,13.9,0,620,342,100,601,3.4,1,5,49.9250931739807,2017-03-23 23:36:53
"   4369","15-6003",2017-03-24 02:03:44,"34CB",49.7,3.69,13.6,0,869,451,100,580,6.6,1,5,NA,2017-03-24 02:05:03
"   1092","15-6003",2017-03-09 05:53:00,"34D3",90,3.83,9.4,0,98,-1825,100,0,19.8,1,5,NA,2017-03-09 05:54:19
"   7512","15-6003",2017-03-28 17:56:09,"34D3",43.2,3.65,14.1,0,676,412,100,598,4.2,1,5,1684989.25575399,2017-03-28 17:57:28
"   7513","15-6003",2017-03-28 17:56:29,"34D3",37.3,3.66,13.9,0,934,-167,100,601,6.9,1,5,19.8580169677734,2017-03-28 17:57:48
"   7514","15-6003",2017-03-28 17:56:39,"34D3",45.5,3.67,14,0,1069,-30,100,608,8,1,5,9.93035101890564,2017-03-28 17:57:58
"   7726","15-6003",2017-03-31 11:40:11,"34D9",40.8,3.62,13.8,0,527,1309,100,395,4.4,1,5,NA,2017-03-31 11:41:30
"   7727","15-6003",2017-03-31 11:41:22,"34D9",41.2,3.64,14,0,651,840,100,370,6.8,1,5,70.1001651287079,2017-03-31 11:42:41
"   7728","15-6003",2017-03-31 11:41:27,"34D9",40.6,3.64,13.9,0,663,384,100,363,7.2,1,5,5.00820994377136,2017-03-31 11:42:46
"   7729","15-6003",2017-03-31 11:41:32,"34D9",40.6,3.64,13.9,0,726,721,100,369,7.8,1,5,5.01076292991638,2017-03-31 11:42:51
"   7397","15-6003",2017-03-28 11:24:30,"34EA",53.7,3.66,14.3,0,2020,706,100,631,13.2,1,5,49.2726957798004,2017-03-28 11:25:49
"   7487","15-6003",2017-03-28 11:41:16,"34EA",42.7,3.67,13.8,0,1409,350,100,462,11.6,1,5,49.2854018211365,2017-03-28 11:42:35
"   7488","15-6003",2017-03-28 11:42:20,"34EA",33.3,3.66,13.8,0,1051,714,100,480,8.7,1,5,64.0715761184692,2017-03-28 11:43:39
"   7489","15-6003",2017-03-28 11:42:25,"34EA",58.4,3.66,14,0,1826,827,100,444,14.2,1,5,4.9281599521637,2017-03-28 11:43:44
"   7490","15-6003",2017-03-28 11:42:35,"34EA",58.4,3.66,14,0,1230,835,100,516,10.6,1,5,9.85636806488037,2017-03-28 11:43:54
"   7491","15-6003",2017-03-28 11:44:28,"34EA",41.7,3.68,13.7,0,932,598,100,578,7.2,1,5,113.410122871399,2017-03-28 11:45:47
"   7492","15-6003",2017-03-28 11:44:53,"34EA",42.9,3.65,13.8,0,823,726,100,604,5.8,1,5,24.6604220867157,2017-03-28 11:46:12
"   3599","15-6003",2017-03-24 00:15:37,"34EB",46.2,3.71,13.7,0,700,-401,100,596,4.5,1,5,NA,2017-03-24 00:16:56
"   8738","15-6003",2017-04-12 16:39:49,"34F5",56,3.55,14.2,0,625,368,100,542,4.3,1,5,NA,2017-04-12 16:41:08
"   8739","15-6003",2017-04-12 16:40:08,"34F5",56.8,3.55,14.3,0,630,-711,100,567,4,1,5,19.7918210029602,2017-04-12 16:41:27
"   7578","15-6003",2017-03-29 23:03:46,"350B",41.1,3.65,14.6,0,802,2386,100,647,5,1,5,NA,2017-03-29 23:05:05
"   6504","15-6003",2017-03-24 13:05:03,"3513",43.2,3.71,13.6,0,1249,1804,100,490,10.1,1,5,54.7330989837646,2017-03-24 13:06:22
"   7274","15-6003",2017-03-27 04:22:45,"3519",42.1,3.68,13.1,0,995,-405,100,641,6.9,1,5,NA,2017-03-27 04:24:04
"   3299","15-6003",2017-03-23 23:42:06,"351B",39.3,3.71,14,0,940,459,100,738,5.2,1,5,NA,2017-03-23 23:43:25
"   3300","15-6003",2017-03-23 23:42:11,"351B",36.3,3.72,13.5,0,971,878,100,771,5.1,1,5,4.89138698577881,2017-03-23 23:43:30
"   3301","15-6003",2017-03-23 23:42:55,"351B",42.9,3.71,14,0,859,416,100,633,5.7,1,5,44.0536460876465,2017-03-23 23:44:14
"   6334","15-6003",2017-03-24 12:15:47,"3527",39.9,3.71,13.4,0,891,1057,100,498,7,1,5,35.0960590839386,2017-03-24 12:17:06
"   6336","15-6003",2017-03-24 12:17:07,"3527",46,3.71,13.2,0,1056,1643,100,428,9.8,1,5,80.2148540019989,2017-03-24 12:18:26
"   6339","15-6003",2017-03-24 12:18:22,"3527",42.7,3.71,13.5,0,632,1334,100,458,4.7,1,5,75.2154960632324,2017-03-24 12:19:41
"   6343","15-6003",2017-03-24 12:19:02,"3527",39.3,3.69,13.4,0,855,1253,100,485,6.9,1,5,40.1249718666077,2017-03-24 12:20:21
"   6568","15-6003",2017-03-24 13:34:09,"3527",41.2,3.71,13.5,0,700,550,100,561,5,1,5,4507.18836903572,2017-03-24 13:35:28
"   6569","15-6003",2017-03-24 13:34:19,"3527",41.2,3.71,13.5,0,482,1641,100,490,1.8,1,5,10.029412984848,2017-03-24 13:35:38
"   2368","15-6003",2017-03-14 08:15:04,"3528",88,3.78,9.9,0,101,-1905,100,13,17.8,1,5,NA,2017-03-14 08:16:23
"   2260","15-6003",2017-03-14 00:09:49,"3532",89.8,3.81,12.9,0,87,-1813,100,8,18.8,1,5,NA,2017-03-14 00:11:08
"   2015","15-6003",2017-03-13 00:37:26,"353B",89.8,3.82,12.4,0,105,-1605,100,8,20.4,1,5,NA,2017-03-13 00:38:45
"   8385","15-6003",2017-04-07 04:36:58,"354B",39.1,3.61,14.2,0,666,753,100,540,4.9,1,5,NA,2017-04-07 04:38:17
"   8386","15-6003",2017-04-07 04:37:13,"354B",40.3,3.58,13.9,0,854,177,100,503,7.7,1,5,14.9059491157532,2017-04-07 04:38:32
"   8387","15-6003",2017-04-07 04:37:38,"354B",46.8,3.58,13.1,0,462,-283,100,442,2.3,1,5,24.8566610813141,2017-04-07 04:38:57
"   8377","15-6003",2017-04-06 17:13:15,"3565",37.7,3.6,15.2,0,685,398,100,538,5.2,1,5,54.9510910511017,2017-04-06 17:14:34
"   8378","15-6003",2017-04-06 17:13:20,"3565",37.7,3.6,15.2,0,603,-55,100,480,3.9,1,5,4.9978940486908,2017-04-06 17:14:39
"   7547","15-6003",2017-03-28 21:25:59,"356D",37.4,3.65,13.9,0,763,410,100,625,4.8,1,5,49.2257759571075,2017-03-28 21:27:18
"   7548","15-6003",2017-03-28 21:26:09,"356D",50.1,3.66,12.9,0,990,-58,100,558,8.1,1,5,9.84589004516602,2017-03-28 21:27:28
"   4238","15-6003",2017-03-24 01:38:06,"356E",42.3,3.71,13.6,0,585,-393,100,659,2.1,1,5,NA,2017-03-24 01:39:25
"   4239","15-6003",2017-03-24 01:38:31,"356E",31.5,3.71,14.2,0,570,272,100,537,3.6,1,5,25.169193983078,2017-03-24 01:39:50
"   4240","15-6003",2017-03-24 01:38:36,"356E",31.5,3.71,14.2,0,873,-271,100,766,4.2,1,5,5.03198385238647,2017-03-24 01:39:55
"   4246","15-6003",2017-03-24 01:39:37,"356E",40.4,3.7,14,0,639,-82,100,483,4.4,1,5,60.4335930347443,2017-03-24 01:40:56
"   3217","15-6003",2017-03-23 23:32:38,"3573",39,3.71,14,0,764,-506,100,596,5.3,1,5,NA,2017-03-23 23:33:57
"   4078","15-6003",2017-03-24 01:04:44,"3574",42,3.71,13.9,0,923,241,100,540,7.8,1,5,NA,2017-03-24 01:06:03
"   8749","15-6003",2017-04-12 21:24:50,"3594",39.9,3.56,14.3,0,667,-336,100,587,4.2,1,5,NA,2017-04-12 21:26:09
"    986","15-6003",2017-03-08 10:32:25,"3595",90,3.84,12.2,0,76,241,100,0,17.6,1,5,NA,2017-03-08 10:33:44
"   8036","15-6003",2017-04-03 12:13:12,"359B",43,3.62,14.6,0,814,421,100,574,6.1,1,5,NA,2017-04-03 12:14:31
"   8037","15-6003",2017-04-03 12:13:27,"359B",40,3.62,14.7,0,688,-456,100,588,4.5,1,5,15.0749089717865,2017-04-03 12:14:46
"   2922","15-6003",2017-03-16 02:51:09,"35A5",90,3.78,12.1,0,133,-1029,100,21,16,1,5,NA,2017-03-16 02:52:28
"    386","15-6003",2017-03-05 00:29:39,"35B7",89.8,3.87,10.1,0,89,-164,100,0,19,1,5,NA,2017-03-05 00:30:58
"   8038","15-6003",2017-04-03 13:25:56,"35D4",45.6,3.61,15,0,2250,655,100,567,15.1,1,5,NA,2017-04-03 13:27:15
"   8039","15-6003",2017-04-03 13:26:01,"35D4",45.6,3.61,15,0,1890,916,100,631,12.6,1,5,4.97135090827942,2017-04-03 13:27:20
"   8040","15-6003",2017-04-03 13:26:06,"35D4",45.6,3.61,15,0,1321,829,100,616,9.7,1,5,4.97207999229431,2017-04-03 13:27:25
"   3536","15-6003",2017-03-24 00:10:59,"362D",55,3.71,14.1,0,509,102,100,453,3,1,5,NA,2017-03-24 00:12:18
"   2188","15-6003",2017-03-13 19:27:21,"3649",89.8,3.79,20.6,0,89,-178,100,8,19,1,5,NA,2017-03-13 19:28:40
"   7181","15-6003",2017-03-26 09:30:20,"3653",41.2,3.68,13.3,0,824,-712,100,668,4.9,1,5,108.145858049393,2017-03-26 09:31:39
"   7182","15-6003",2017-03-26 09:30:44,"3653",43.4,3.68,14.1,0,700,711,100,676,3.4,1,5,24.571799993515,2017-03-26 09:32:03
"   7183","15-6003",2017-03-26 09:31:38,"3653",43.6,3.69,13.3,0,625,-580,100,564,4,1,5,54.0631289482117,2017-03-26 09:32:57
"   2598","15-6003",2017-03-14 21:19:56,"365D",89.2,3.79,19.8,0,130,-534,100,31,12.5,1,5,NA,2017-03-14 21:21:15
"   3302","15-6003",2017-03-23 23:43:00,"366A",42.9,3.71,14,0,586,-409,100,643,2.3,1,5,NA,2017-03-23 23:44:19
"   3303","15-6003",2017-03-23 23:43:20,"366A",42.5,3.7,13.8,0,1116,37,100,651,7.8,1,5,20.0411620140076,2017-03-23 23:44:39
"    205","15-6003",2017-03-03 05:34:47,"366D",89.8,3.88,6.8,0,83,-263,100,0,18.4,1,5,NA,2017-03-03 05:36:06
"   1050","15-6003",2017-03-09 00:56:40,"366D",89.9,3.83,12.1,0,89,-362,100,0,19,1,5,501713.665363073,2017-03-09 00:57:59
"   1300","15-6003",2017-03-09 22:11:03,"3675",90.1,3.83,16.3,0,92,-1444,100,14,16.4,1,5,NA,2017-03-09 22:12:22
"   5819","15-6003",2017-03-24 09:09:26,"3685",54.6,3.71,13.5,0,620,730,100,510,4.8,1,5,NA,2017-03-24 09:10:45
"   6900","15-6003",2017-03-25 06:07:56,"3694",36.6,3.69,13.2,0,568,108,100,609,2.5,1,5,NA,2017-03-25 06:09:15
"   7234","15-6003",2017-03-27 01:49:54,"369D",42.3,3.67,13.6,0,527,419,100,575,2.3,1,5,NA,2017-03-27 01:51:13
"   7960","15-6003",2017-04-03 01:02:14,"36A7",39.2,3.61,14.9,0,906,547,100,658,5.9,1,5,NA,2017-04-03 01:03:33
"   7961","15-6003",2017-04-03 01:02:19,"36A7",39.2,3.61,14.9,0,635,40,100,619,3.3,1,5,5.03352999687195,2017-04-03 01:03:38
"   6958","15-6003",2017-03-25 08:19:55,"36AB",38.3,3.7,12.9,0,1354,419,100,590,10.3,1,5,NA,2017-03-25 08:21:14
"   6959","15-6003",2017-03-25 08:20:05,"36AB",38.3,3.7,12.9,0,706,401,100,567,5,1,5,9.90826106071472,2017-03-25 08:21:24
"   4220","15-6003",2017-03-24 01:31:45,"36AC",37.9,3.71,14.1,0,618,415,100,497,3.8,1,5,NA,2017-03-24 01:33:04
"   4501","15-6003",2017-03-24 05:12:03,"36B1",41.8,3.72,13.9,0,1089,264,100,606,8.2,1,5,NA,2017-03-24 05:13:22
"   4502","15-6003",2017-03-24 05:12:12,"36B1",42.7,3.71,13.8,0,1238,-123,100,465,10.4,1,5,9.78884601593018,2017-03-24 05:13:31
"   4503","15-6003",2017-03-24 05:12:22,"36B1",42.7,3.71,13.8,0,1432,-376,100,618,10.4,1,5,9.79405403137207,2017-03-24 05:13:41
"   8442","15-6003",2017-04-09 03:43:32,"36B9",44.7,3.58,13.6,0,824,2477,100,520,7.1,1,5,NA,2017-04-09 03:44:51
"   2354","15-6003",2017-03-14 07:01:38,"36CD",90,3.8,9.3,0,104,-1971,100,8,20.3,1,5,NA,2017-03-14 07:02:57
"   3264","15-6003",2017-03-23 23:37:21,"36DB",39.7,3.7,14,0,679,886,100,598,4.2,1,5,NA,2017-03-23 23:38:40
"   3267","15-6003",2017-03-23 23:37:51,"36DB",44.3,3.71,14.1,0,715,491,100,605,4.5,1,5,29.5496549606323,2017-03-23 23:39:10
"   1633","15-6003",2017-03-11 03:10:46,"36DD",89.7,3.83,10.2,0,99,-2221,100,16,15.8,1,5,NA,2017-03-11 03:12:05
"   1596","15-6003",2017-03-11 00:45:30,"372B",89.8,3.81,12.1,0,82,-1953,100,12,16.7,1,5,NA,2017-03-11 00:46:49
"   8008","15-6003",2017-04-03 05:09:41,"3751",44.2,3.61,14.8,0,669,-418,100,581,4.3,1,5,NA,2017-04-03 05:11:00
"   8009","15-6003",2017-04-03 05:10:11,"3751",37.6,3.62,14.7,0,640,-155,100,611,3.5,1,5,30.3503661155701,2017-04-03 05:11:30
"   8010","15-6003",2017-04-03 05:10:36,"3751",40.9,3.61,14.7,0,1181,-325,100,680,7.9,1,5,25.306079864502,2017-04-03 05:11:55
"   8011","15-6003",2017-04-03 05:10:46,"3751",38.7,3.61,14.6,0,742,-685,100,641,4.4,1,5,10.1242179870605,2017-04-03 05:12:05
"   7923","15-6003",2017-04-02 20:49:18,"3752",43.2,3.61,14.7,0,645,177,100,703,2.4,1,5,NA,2017-04-02 20:50:37
"   8530","15-6003",2017-04-10 04:41:47,"3757",58.4,3.56,13.3,0,737,628,100,626,4.5,1,5,NA,2017-04-10 04:43:06
"   5888","15-6003",2017-03-24 09:16:26,"3775",40.8,3.71,14.2,0,796,1649,100,510,7,1,5,NA,2017-03-24 09:17:45
"   5895","15-6003",2017-03-24 09:17:11,"3775",42.2,3.7,13.4,0,2213,2188,100,555,15.1,1,5,45.0406711101532,2017-03-24 09:18:30
"   5897","15-6003",2017-03-24 09:17:26,"3775",40.4,3.7,13.5,0,1974,1752,100,521,14.7,1,5,15.0203318595886,2017-03-24 09:18:45
"  10709","15-6003",2017-04-18 21:26:48,"37A5",42.9,3.52,13.6,0,955,488,100,618,6.9,1,5,NA,2017-04-18 21:28:07
"   8158","15-6003",2017-04-04 17:43:02,"38AD",36.7,3.61,15.7,0,1472,-282,100,556,11.6,1,5,NA,2017-04-04 17:44:21
"   8159","15-6003",2017-04-04 17:43:12,"38AD",43.6,3.61,15.3,0,1010,26,100,582,7.9,1,5,10.1111669540405,2017-04-04 17:44:31
"   8160","15-6003",2017-04-04 17:43:37,"38AD",47.7,3.6,15.2,0,849,-549,100,602,6.1,1,5,25.283567905426,2017-04-04 17:44:56
"   2680","15-6003",2017-03-15 04:47:31,"394D",89.3,3.79,13,0,122,-404,100,32,11.6,1,5,NA,2017-03-15 04:48:50
"   8327","15-6003",2017-04-06 06:24:51,"394D",37.8,3.59,15,0,947,509,100,579,7.4,1,5,1906640.57583404,2017-04-06 06:26:10
"   1965","15-6003",2017-03-12 20:43:39,"3956",89.8,3.81,18.4,0,90,-570,100,8,19.1,1,5,NA,2017-03-12 20:44:58
"   3333","15-6003",2017-03-23 23:48:33,"3965",55.2,3.71,13.7,0,1194,200,100,755,7.1,1,5,NA,2017-03-23 23:49:52
"   3334","15-6003",2017-03-23 23:48:38,"3965",39.4,3.71,14.4,0,773,377,100,830,2.5,1,5,4.97744607925415,2017-03-23 23:49:57
"   3410","15-6003",2017-03-23 23:54:20,"396A",38.3,3.71,13.8,0,500,738,100,500,3.1,1,5,NA,2017-03-23 23:55:39
"   7956","15-6003",2017-04-02 22:45:00,"39B5",39.9,3.62,14.7,0,1282,2755,100,609,9.6,1,5,NA,2017-04-02 22:46:19
"   6907","15-6003",2017-03-25 06:09:14,"39D5",38.4,3.71,13.6,0,536,-235,100,566,2.6,1,5,NA,2017-03-25 06:10:33
"   6908","15-6003",2017-03-25 06:09:19,"39D5",38.4,3.71,13.6,0,743,560,100,542,5.8,1,5,5.01301002502441,2017-03-25 06:10:38
"   6911","15-6003",2017-03-25 06:09:34,"39D5",43.3,3.69,12.9,0,994,1331,100,591,7.6,1,5,15.0483260154724,2017-03-25 06:10:53
"   6922","15-6003",2017-03-25 06:11:45,"39D5",40.1,3.71,12.8,0,554,295,100,495,2.9,1,5,130.412208080292,2017-03-25 06:13:04
"   4335","15-6003",2017-03-24 01:50:43,"3A15",44.5,3.72,14.4,0,669,-552,100,560,4.6,1,5,NA,2017-03-24 01:52:02
"   1252","15-6003",2017-03-09 18:25:12,"3A25",90.1,3.83,22.2,0,121,-1975,100,9,21.7,1,5,NA,2017-03-09 18:26:31
"   3113","15-6003",2017-03-23 23:08:48,"3A25",41.4,3.72,14,0,770,191,100,542,6.1,1,5,15.1090130805969,2017-03-23 23:10:07
"   7666","15-6003",2017-03-31 03:12:21,"3A2A",37.5,3.66,14.1,0,650,993,100,486,4.5,1,5,NA,2017-03-31 03:13:40
"   7223","15-6003",2017-03-26 20:23:27,"3A5D",41.3,3.68,13.7,0,618,9,100,688,2.2,1,5,59.6674468517303,2017-03-26 20:24:46
"   2984","15-6003",2017-03-16 08:03:04,"3A93",90.1,3.78,13.1,0,120,-1711,100,31,11.8,1,5,NA,2017-03-16 08:04:23
"   3251","15-6003",2017-03-23 23:35:53,"3A93",41.1,3.71,13.2,0,1208,1969,100,601,9.2,1,5,660769.512201071,2017-03-23 23:37:12
"   3258","15-6003",2017-03-23 23:36:28,"3A93",38.4,3.7,13.6,0,453,2133,100,566,1.2,1,5,34.3697719573975,2017-03-23 23:37:47
"   7531","15-6003",2017-03-28 21:04:28,"3A9A",40.4,3.66,14.3,0,1093,1193,100,625,8,1,5,NA,2017-03-28 21:05:47
"   7532","15-6003",2017-03-28 21:04:33,"3A9A",40.4,3.66,14.3,0,755,969,100,711,3.6,1,5,4.98435401916504,2017-03-28 21:05:52
"   7533","15-6003",2017-03-28 21:04:53,"3A9A",41.1,3.66,14.3,0,621,-31,100,706,2,1,5,19.943696975708,2017-03-28 21:06:12
"   5027","15-6003",2017-03-24 07:20:44,"3A9D",42.6,3.71,14,0,869,1137,100,460,7.5,1,5,NA,2017-03-24 07:22:03
"   3166","15-6003",2017-03-23 23:22:30,"3AA1",38.4,3.7,13.9,0,824,1089,100,624,5.5,1,5,NA,2017-03-23 23:23:49
"   3175","15-6003",2017-03-23 23:23:05,"3AA1",43,3.71,13.4,0,1021,-413,100,521,8.9,1,5,35.2821218967438,2017-03-23 23:24:24
"   3188","15-6003",2017-03-23 23:23:40,"3AA1",39.1,3.7,13.9,0,972,-95,100,676,6.3,1,5,35.3332080841064,2017-03-23 23:24:59
"   3190","15-6003",2017-03-23 23:23:45,"3AA1",39.1,3.7,13.9,0,765,66,100,671,4.2,1,5,5.04682111740112,2017-03-23 23:25:04
"   6975","15-6003",2017-03-25 09:36:19,"3AAF",43.6,3.7,12.9,0,948,-211,100,587,7.3,1,5,NA,2017-03-25 09:37:38
"   6976","15-6003",2017-03-25 09:36:43,"3AAF",49.3,3.69,13.1,0,849,-202,100,596,6.2,1,5,24.3502900600433,2017-03-25 09:38:02
"   5010","15-6003",2017-03-24 07:18:40,"3AB9",39.3,3.71,13.7,0,2044,336,100,641,13.2,1,5,NA,2017-03-24 07:19:59
"   5011","15-6003",2017-03-24 07:18:45,"3AB9",39.3,3.71,13.7,0,2554,213,100,450,17,1,5,5.01134395599365,2017-03-24 07:20:04
"   5012","15-6003",2017-03-24 07:18:50,"3AB9",39.3,3.71,13.7,0,888,223,100,632,6.1,1,5,5.01212596893311,2017-03-24 07:20:09
"   4535","15-6003",2017-03-24 06:01:46,"3ABB",41.7,3.7,13.8,0,876,-396,100,559,7,1,5,14216.4836449623,2017-03-24 06:03:05
"   4536","15-6003",2017-03-24 06:02:15,"3ABB",57.1,3.71,13.8,0,1339,-480,100,525,11.2,1,5,29.3459432125092,2017-03-24 06:03:34
"   4537","15-6003",2017-03-24 06:02:20,"3ABB",57.1,3.71,13.8,0,1019,-960,100,498,8.2,1,5,4.88970685005188,2017-03-24 06:03:39
"   4617","15-6003",2017-03-24 06:23:41,"3ABB",42.1,3.7,13.5,0,1475,-399,100,507,12.4,1,5,48.8829121589661,2017-03-24 06:25:00
"   4618","15-6003",2017-03-24 06:24:40,"3ABB",38.9,3.71,13.8,0,856,-441,100,500,7.8,1,5,58.6563789844513,2017-03-24 06:25:59
"   4619","15-6003",2017-03-24 06:24:50,"3ABB",38.9,3.71,13.8,0,903,-506,100,486,7.3,1,5,9.77920389175415,2017-03-24 06:26:09
"   4620","15-6003",2017-03-24 06:25:24,"3ABB",47.4,3.71,13.6,0,720,-241,100,459,5.8,1,5,34.2275559902191,2017-03-24 06:26:43
"   4621","15-6003",2017-03-24 06:26:33,"3ABB",41.3,3.71,12.8,0,884,-433,100,581,6.7,1,5,68.4667201042175,2017-03-24 06:27:52
"   4622","15-6003",2017-03-24 06:26:42,"3ABB",43,3.71,14.1,0,1761,-899,100,566,13,1,5,9.7801399230957,2017-03-24 06:28:01
"   4623","15-6003",2017-03-24 06:28:15,"3ABB",43.7,3.71,13.2,0,3007,-728,100,490,17.7,1,5,92.9427690505981,2017-03-24 06:29:34
"   4624","15-6003",2017-03-24 06:28:25,"3ABB",42.4,3.71,13.7,0,902,-700,100,522,7.8,1,5,9.78207397460938,2017-03-24 06:29:44
"   4625","15-6003",2017-03-24 06:29:04,"3ABB",45.3,3.71,13.8,0,994,-239,100,558,8.1,1,5,39.1294078826904,2017-03-24 06:30:23
"   4626","15-6003",2017-03-24 06:29:53,"3ABB",36.5,3.7,13.8,0,1838,-146,100,557,13.5,1,5,48.8999900817871,2017-03-24 06:31:12
"   5213","15-6003",2017-03-24 07:46:45,"3ABB",42.3,3.69,12.6,0,611,-189,100,408,5.4,1,5,63.5847699642181,2017-03-24 07:48:04
"   5935","15-6003",2017-03-24 09:21:52,"3ABB",57.2,3.71,13.6,0,1018,-740,100,447,9.1,1,5,29.3406429290771,2017-03-24 09:23:11
"   5936","15-6003",2017-03-24 09:22:40,"3ABB",41,3.72,13.6,0,1721,-492,100,421,14.2,1,5,48.9097199440002,2017-03-24 09:23:59
"   5937","15-6003",2017-03-24 09:22:45,"3ABB",41,3.72,13.6,0,1764,-785,100,450,13.8,1,5,4.88979816436768,2017-03-24 09:24:04
"   5938","15-6003",2017-03-24 09:22:55,"3ABB",51.3,3.71,13.7,0,1051,-409,100,546,8.8,1,5,9.78474688529968,2017-03-24 09:24:14
"   5939","15-6003",2017-03-24 09:24:13,"3ABB",45.3,3.7,14.2,0,1198,-246,100,514,10.4,1,5,78.2684791088104,2017-03-24 09:25:32
"   5952","15-6003",2017-03-24 09:27:34,"3ABB",40.2,3.71,14.2,0,523,-598,100,397,4.3,1,5,9.78178596496582,2017-03-24 09:28:53
"   5954","15-6003",2017-03-24 09:28:08,"3ABB",45.9,3.7,13.6,0,864,-490,100,456,7.5,1,5,34.2395179271698,2017-03-24 09:29:27
"   5963","15-6003",2017-03-24 09:28:42,"3ABB",48.1,3.7,13.5,0,848,-305,100,528,7.2,1,5,34.2381889820099,2017-03-24 09:30:01
"   5972","15-6003",2017-03-24 09:29:22,"3ABB",44.6,3.71,13.4,0,898,-545,100,511,8,1,5,39.1222610473633,2017-03-24 09:30:41
"   5985","15-6003",2017-03-24 09:33:12,"3ABB",42.5,3.71,13.6,0,1012,-21,100,506,9.1,1,5,122.29921412468,2017-03-24 09:34:31
"   5986","15-6003",2017-03-24 09:33:26,"3ABB",42.6,3.7,14.2,0,856,-417,100,583,6.4,1,5,14.6757888793945,2017-03-24 09:34:45
"   5987","15-6003",2017-03-24 09:35:04,"3ABB",41,3.7,13.6,0,1055,-365,100,543,8.9,1,5,97.8193061351776,2017-03-24 09:36:23
"   5988","15-6003",2017-03-24 09:35:19,"3ABB",39.7,3.71,13.4,0,784,32,100,570,5.9,1,5,14.6744928359985,2017-03-24 09:36:38
"   5989","15-6003",2017-03-24 09:36:37,"3ABB",36.7,3.7,13.9,0,933,-463,100,500,8.5,1,5,78.2368700504303,2017-03-24 09:37:56
"   5990","15-6003",2017-03-24 09:37:16,"3ABB",41.2,3.71,13.6,0,602,-673,100,390,5.7,1,5,39.105052947998,2017-03-24 09:38:35
"   5991","15-6003",2017-03-24 09:38:10,"3ABB",37.7,3.71,13.7,0,853,-290,100,450,7.5,1,5,53.790235042572,2017-03-24 09:39:29
"   5992","15-6003",2017-03-24 09:39:28,"3ABB",36,3.72,12.9,0,913,-904,100,537,7.7,1,5,78.2416219711304,2017-03-24 09:40:47
"   6007","15-6003",2017-03-24 09:43:18,"3ABB",43.6,3.71,13.7,0,1009,-591,100,526,8.8,1,5,39.1326239109039,2017-03-24 09:44:37
"   6013","15-6003",2017-03-24 09:43:47,"3ABB",45.3,3.72,13.3,0,1376,-357,100,552,11,1,5,29.3478860855103,2017-03-24 09:45:06
"   6015","15-6003",2017-03-24 09:44:02,"3ABB",43.9,3.7,13.6,0,1504,-173,100,514,12.4,1,5,14.6751699447632,2017-03-24 09:45:21
"   6025","15-6003",2017-03-24 09:45:01,"3ABB",38.9,3.71,13.9,0,1192,-510,100,561,9.6,1,5,58.7043929100037,2017-03-24 09:46:20
"   6034","15-6003",2017-03-24 09:45:40,"3ABB",38.6,3.7,13.6,0,979,-77,100,530,8.4,1,5,39.1326241493225,2017-03-24 09:46:59
"   6045","15-6003",2017-03-24 09:53:24,"3ABB",39.4,3.7,13.6,0,1900,-689,100,548,13.9,1,5,347.319231033325,2017-03-24 09:54:43
"   6046","15-6003",2017-03-24 09:53:59,"3ABB",48.7,3.71,13.8,0,1182,-251,100,591,9.1,1,5,34.2378430366516,2017-03-24 09:55:18
"   6047","15-6003",2017-03-24 09:54:48,"3ABB",30.4,3.7,13.2,0,810,-674,100,496,6.2,1,5,48.9029040336609,2017-03-24 09:56:07
"   6048","15-6003",2017-03-24 09:54:52,"3ABB",30.4,3.7,13.2,0,920,-523,100,479,7.6,1,5,4.88715291023254,2017-03-24 09:56:11
"   6057","15-6003",2017-03-24 10:08:29,"3ABB",44.7,3.7,13.8,0,2312,-653,100,442,16.3,1,5,181.015833854675,2017-03-24 10:09:48
"   6058","15-6003",2017-03-24 10:08:39,"3ABB",45.6,3.7,13.5,0,727,15,100,565,5.3,1,5,9.7853422164917,2017-03-24 10:09:58
"   6059","15-6003",2017-03-24 10:08:59,"3ABB",35.4,3.71,13.6,0,1567,-351,100,450,12.8,1,5,19.5750048160553,2017-03-24 10:10:18
"   6068","15-6003",2017-03-24 10:13:08,"3ABB",43.1,3.7,13.6,0,954,-816,100,538,8.1,1,5,117.397920131683,2017-03-24 10:14:27
"   6069","15-6003",2017-03-24 10:13:13,"3ABB",43.1,3.7,13.6,0,1079,-279,100,458,9.4,1,5,4.89215493202209,2017-03-24 10:14:32
"   6079","15-6003",2017-03-24 10:17:18,"3ABB",47.6,3.71,13.5,0,2030,-245,100,556,14.3,1,5,58.6936419010162,2017-03-24 10:18:37
"   6080","15-6003",2017-03-24 10:18:31,"3ABB",34.7,3.71,13.6,0,1019,-798,100,461,8.8,1,5,73.3553040027618,2017-03-24 10:19:50
"   6081","15-6003",2017-03-24 10:18:36,"3ABB",34.7,3.71,13.6,0,1611,-1211,100,497,12.2,1,5,4.89056611061096,2017-03-24 10:19:55
"   6100","15-6003",2017-03-24 10:23:59,"3ABB",38.8,3.72,13.6,0,2368,-614,100,405,17.3,1,5,97.8678817749023,2017-03-24 10:25:18
"   6101","15-6003",2017-03-24 10:24:23,"3ABB",31.1,3.7,13.5,0,612,112,100,539,4.2,1,5,24.4604110717773,2017-03-24 10:25:42
"   6102","15-6003",2017-03-24 10:24:48,"3ABB",41.9,3.71,13.4,0,1394,-246,100,538,11.4,1,5,24.4562640190125,2017-03-24 10:26:07
"   6103","15-6003",2017-03-24 10:25:37,"3ABB",61.4,3.71,13.4,0,1131,-61,100,554,9.3,1,5,48.9088370800018,2017-03-24 10:26:56
"   6110","15-6003",2017-03-24 10:32:23,"3ABB",42.4,3.7,13.5,0,1138,-1931,100,534,9.7,1,5,83.1435749530792,2017-03-24 10:33:42
"   6111","15-6003",2017-03-24 10:33:07,"3ABB",52.4,3.7,13.6,0,1522,-278,100,454,12.4,1,5,44.0242650508881,2017-03-24 10:34:26
"   6112","15-6003",2017-03-24 10:34:20,"3ABB",43.7,3.71,13.4,0,1184,-196,100,434,10.7,1,5,73.3828990459442,2017-03-24 10:35:39
"   6113","15-6003",2017-03-24 10:35:19,"3ABB",38.2,3.71,13.6,0,1161,-376,100,471,9.8,1,5,58.692715883255,2017-03-24 10:36:38
"   6114","15-6003",2017-03-24 10:38:59,"3ABB",37.7,3.7,13.7,0,1009,-1560,100,499,8.1,1,5,220.122336149216,2017-03-24 10:40:18
"   6115","15-6003",2017-03-24 10:41:06,"3ABB",43.4,3.7,14.2,0,539,-546,100,530,3.2,1,5,127.182873010635,2017-03-24 10:42:25
"   6116","15-6003",2017-03-24 10:42:00,"3ABB",42.6,3.7,13.7,0,2010,-1179,100,508,15,1,5,53.8038668632507,2017-03-24 10:43:19
"   6117","15-6003",2017-03-24 10:43:13,"3ABB",51.9,3.71,13.5,0,1273,-878,100,418,11.6,1,5,73.369343996048,2017-03-24 10:44:32
"   6118","15-6003",2017-03-24 10:43:28,"3ABB",45.6,3.71,13.5,0,1946,-487,100,463,14.4,1,5,14.6762020587921,2017-03-24 10:44:47
"   6119","15-6003",2017-03-24 10:44:31,"3ABB",41.3,3.7,13.5,0,915,-173,100,483,7.5,1,5,63.6065421104431,2017-03-24 10:45:50
"   6124","15-6003",2017-03-24 10:49:35,"3ABB",40.3,3.7,13.4,0,1362,-484,100,530,11.3,1,5,34.2350399494171,2017-03-24 10:50:54
"   6125","15-6003",2017-03-24 10:50:04,"3ABB",40.3,3.71,13.5,0,1450,-935,100,426,12.6,1,5,29.3542420864105,2017-03-24 10:51:23
"   6126","15-6003",2017-03-24 10:50:29,"3ABB",34,3.71,13.6,0,1131,-68,100,558,9.2,1,5,24.4602768421173,2017-03-24 10:51:48
"   6127","15-6003",2017-03-24 10:52:31,"3ABB",35.6,3.7,13.6,0,1776,-680,100,583,12.8,1,5,122.290161132812,2017-03-24 10:53:50
"   6137","15-6003",2017-03-24 10:57:05,"3ABB",41.6,3.7,13.4,0,3629,-745,100,428,20.5,1,5,112.459695100784,2017-03-24 10:58:24
"   6138","15-6003",2017-03-24 10:57:34,"3ABB",51.4,3.7,12.8,0,913,-724,100,420,8.7,1,5,29.343104839325,2017-03-24 10:58:53
"   6147","15-6003",2017-03-24 11:00:35,"3ABB",41.4,3.7,13.2,0,1312,-291,100,536,10.9,1,5,53.8153438568115,2017-03-24 11:01:54
"   6148","15-6003",2017-03-24 11:02:08,"3ABB",39.9,3.7,12.8,0,1610,-471,100,489,12.3,1,5,92.9299871921539,2017-03-24 11:03:27
"   6149","15-6003",2017-03-24 11:02:32,"3ABB",42.6,3.71,13.1,0,888,-300,100,509,7.9,1,5,24.4546279907227,2017-03-24 11:03:51
"   6150","15-6003",2017-03-24 11:04:25,"3ABB",39.9,3.7,13.5,0,772,-691,100,514,6.6,1,5,112.490039825439,2017-03-24 11:05:44
"   6196","15-6003",2017-03-24 11:18:55,"3ABB",40.6,3.71,12.9,0,2914,-464,100,508,18.3,1,5,78.2720639705658,2017-03-24 11:20:14
"   6197","15-6003",2017-03-24 11:19:05,"3ABB",40.6,3.71,12.9,0,1809,-611,100,612,12.5,1,5,9.77698493003845,2017-03-24 11:20:24
"   6198","15-6003",2017-03-24 11:19:30,"3ABB",48.8,3.71,13.2,0,1212,179,100,522,10.4,1,5,24.4529721736908,2017-03-24 11:20:49
"   6207","15-6003",2017-03-24 11:24:57,"3ABB",59.5,3.7,13.5,0,1006,-873,100,502,9.1,1,5,176.121119976044,2017-03-24 11:26:16
"   6208","15-6003",2017-03-24 11:25:02,"3ABB",59.5,3.7,13.5,0,984,-1104,100,516,8.7,1,5,4.89172792434692,2017-03-24 11:26:21
"   6209","15-6003",2017-03-24 11:25:12,"3ABB",38.2,3.7,13.4,0,845,-768,100,406,8.3,1,5,9.78445911407471,2017-03-24 11:26:31
"   6220","15-6003",2017-03-24 11:31:29,"3ABB",52.9,3.71,12.9,0,690,-445,100,503,5.8,1,5,161.413064956665,2017-03-24 11:32:48
"   6221","15-6003",2017-03-24 11:32:27,"3ABB",46.1,3.69,13.4,0,1710,-484,100,518,13.5,1,5,58.7041401863098,2017-03-24 11:33:46
"   6222","15-6003",2017-03-24 11:32:47,"3ABB",37.3,3.7,12.7,0,830,-1206,100,507,7.4,1,5,19.5644488334656,2017-03-24 11:34:06
"   6223","15-6003",2017-03-24 11:33:02,"3ABB",34.9,3.69,13.4,0,1891,-234,100,533,14.1,1,5,14.6710560321808,2017-03-24 11:34:21
"   6224","15-6003",2017-03-24 11:35:09,"3ABB",43,3.71,13.5,0,1846,-311,100,549,13.6,1,5,127.159641981125,2017-03-24 11:36:28
"   6225","15-6003",2017-03-24 11:35:19,"3ABB",43,3.71,13.5,0,2325,-565,100,573,15.3,1,5,9.78493905067444,2017-03-24 11:36:38
"   6226","15-6003",2017-03-24 11:35:58,"3ABB",50.7,3.71,13.3,0,704,-527,100,491,5.1,1,5,39.137913942337,2017-03-24 11:37:17
"   6242","15-6003",2017-03-24 11:40:32,"3ABB",45,3.71,13.5,0,1236,-943,100,457,10.6,1,5,34.2439389228821,2017-03-24 11:41:51
"   6243","15-6003",2017-03-24 11:40:46,"3ABB",47.3,3.7,13.5,0,2402,-109,100,535,16.1,1,5,14.6748621463776,2017-03-24 11:42:05
"   6244","15-6003",2017-03-24 11:41:11,"3ABB",37.4,3.7,12.8,0,1120,-368,100,533,9.5,1,5,24.447154045105,2017-03-24 11:42:30
"   6245","15-6003",2017-03-24 11:41:50,"3ABB",49.4,3.72,13.3,0,1596,-1004,100,520,12.8,1,5,39.1276559829712,2017-03-24 11:43:09
"   6246","15-6003",2017-03-24 11:42:10,"3ABB",43.4,3.69,13.5,0,1944,-325,100,551,14,1,5,19.5571389198303,2017-03-24 11:43:29
"   6247","15-6003",2017-03-24 11:43:28,"3ABB",38.7,3.71,13.2,0,1166,-253,100,441,10.4,1,5,78.2577219009399,2017-03-24 11:44:47
"   6248","15-6003",2017-03-24 11:43:52,"3ABB",41.9,3.7,14.2,0,997,-1045,100,531,8.6,1,5,24.4528369903564,2017-03-24 11:45:11
"   6249","15-6003",2017-03-24 11:44:17,"3ABB",39,3.7,13.3,0,1276,-610,100,538,10.6,1,5,24.4549150466919,2017-03-24 11:45:36
"   6250","15-6003",2017-03-24 11:44:46,"3ABB",44.7,3.71,13.5,0,740,-127,100,432,6.6,1,5,29.345165014267,2017-03-24 11:46:05
"   6251","15-6003",2017-03-24 11:45:01,"3ABB",42.2,3.72,13.4,0,1038,-52,100,500,9.4,1,5,14.6690349578857,2017-03-24 11:46:20
"   6252","15-6003",2017-03-24 11:45:35,"3ABB",38.9,3.71,12.8,0,1020,-289,100,469,8.7,1,5,34.2254691123962,2017-03-24 11:46:54
"   6276","15-6003",2017-03-24 11:53:05,"3ABB",42.1,3.71,13.2,0,1792,-333,100,473,13.5,1,5,43.9985041618347,2017-03-24 11:54:24
"   6277","15-6003",2017-03-24 11:53:24,"3ABB",41.6,3.7,13.4,0,1704,-85,100,495,12.7,1,5,19.558760881424,2017-03-24 11:54:43
"   6278","15-6003",2017-03-24 11:53:49,"3ABB",32.1,3.69,13.6,0,1128,210,100,502,10.1,1,5,24.443727016449,2017-03-24 11:55:08
"   6283","15-6003",2017-03-24 11:55:56,"3ABB",42.5,3.7,13.2,0,1142,-126,100,442,10.2,1,5,58.667995929718,2017-03-24 11:57:15
"   6284","15-6003",2017-03-24 11:56:30,"3ABB",38.5,3.71,13.4,0,1023,-916,100,513,9.1,1,5,34.220664024353,2017-03-24 11:57:49
"   6285","15-6003",2017-03-24 11:56:50,"3ABB",57.2,3.69,13.3,0,1277,-133,100,516,11,1,5,19.5594718456268,2017-03-24 11:58:09
"   6286","15-6003",2017-03-24 11:57:39,"3ABB",41.2,3.71,13.4,0,1285,-89,100,494,10.2,1,5,48.8973500728607,2017-03-24 11:58:58
"   6287","15-6003",2017-03-24 11:57:43,"3ABB",41.2,3.71,13.4,0,904,-224,100,503,8.2,1,5,4.88869404792786,2017-03-24 11:59:02
"   6288","15-6003",2017-03-24 11:58:03,"3ABB",43.2,3.7,13.5,0,3756,-744,100,509,20.5,1,5,19.5588099956512,2017-03-24 11:59:22
"   6289","15-6003",2017-03-24 11:58:42,"3ABB",35.8,3.71,13.4,0,1350,-778,100,484,10.8,1,5,39.1121280193329,2017-03-24 12:00:01
"   6303","15-6003",2017-03-24 12:02:32,"3ABB",42.6,3.7,13.5,0,1640,-635,100,512,13.2,1,5,48.9152638912201,2017-03-24 12:03:51
"   6304","15-6003",2017-03-24 12:03:06,"3ABB",48.5,3.71,13.4,0,1326,-1296,100,430,11.7,1,5,34.2293431758881,2017-03-24 12:04:25
"   6305","15-6003",2017-03-24 12:03:45,"3ABB",41.1,3.72,13.1,0,1592,-111,100,424,13.4,1,5,39.1134669780731,2017-03-24 12:05:04
"   6306","15-6003",2017-03-24 12:05:38,"3ABB",45.7,3.7,13.6,0,1514,-934,100,593,11.2,1,5,112.484184026718,2017-03-24 12:06:57
"   6335","15-6003",2017-03-24 12:16:04,"3ABB",37.8,3.7,13.4,0,1078,-905,100,477,9,1,5,68.4646179676056,2017-03-24 12:17:23
"   6397","15-6003",2017-03-24 12:35:23,"3ABB",47,3.7,14.1,0,1500,-239,100,502,12.6,1,5,53.8370928764343,2017-03-24 12:36:42
"   6398","15-6003",2017-03-24 12:36:12,"3ABB",54.4,3.7,13.5,0,1144,-920,100,605,8.6,1,5,48.9361000061035,2017-03-24 12:37:31
"   6399","15-6003",2017-03-24 12:36:17,"3ABB",54.4,3.7,13.5,0,1016,-452,100,490,8.3,1,5,4.89359617233276,2017-03-24 12:37:36
"   6415","15-6003",2017-03-24 12:41:10,"3ABB",40.5,3.71,13.8,0,1078,-683,100,470,9.1,1,5,53.8234949111938,2017-03-24 12:42:29
"   6416","15-6003",2017-03-24 12:41:40,"3ABB",42.3,3.7,13.4,0,1310,-162,100,476,10.7,1,5,29.3566701412201,2017-03-24 12:42:59
"   6417","15-6003",2017-03-24 12:41:59,"3ABB",37.6,3.7,12.5,0,1760,-508,100,470,13.4,1,5,19.5674738883972,2017-03-24 12:43:18
"   6422","15-6003",2017-03-24 12:44:41,"3ABB",34.1,3.71,13.8,0,1220,-755,100,543,10.1,1,5,73.3583281040192,2017-03-24 12:46:00
"   6441","15-6003",2017-03-24 12:51:12,"3ABB",40.3,3.7,14,0,2368,-438,100,554,15.7,1,5,58.6696319580078,2017-03-24 12:52:31
"   6459","15-6003",2017-03-24 12:58:37,"3ABB",53.8,3.71,13.3,0,1178,-769,100,597,9,1,5,73.3494098186493,2017-03-24 12:59:56
"   6460","15-6003",2017-03-24 12:59:16,"3ABB",48.5,3.71,13.4,0,796,-295,100,641,5,1,5,39.1315629482269,2017-03-24 13:00:35
"   6461","15-6003",2017-03-24 12:59:55,"3ABB",34.3,3.7,13.4,0,2038,-683,100,452,15,1,5,39.1426701545715,2017-03-24 13:01:14
"   6477","15-6003",2017-03-24 13:02:17,"3ABB",42.4,3.7,13.4,0,1297,-673,100,550,10.5,1,5,48.9281520843506,2017-03-24 13:03:36
"   6478","15-6003",2017-03-24 13:02:22,"3ABB",42.4,3.7,13.4,0,1857,-522,100,410,15.1,1,5,4.89439702033997,2017-03-24 13:03:41
"   6528","15-6003",2017-03-24 13:11:44,"3ABB",45.6,3.7,13.3,0,2270,-444,100,565,15.2,1,5,58.6802539825439,2017-03-24 13:13:03
"   6529","15-6003",2017-03-24 13:12:28,"3ABB",46.6,3.71,13.4,0,1113,-426,100,551,9.2,1,5,44.0234060287476,2017-03-24 13:13:47
"   6530","15-6003",2017-03-24 13:12:43,"3ABB",43.6,3.7,13.4,0,2056,-57,100,505,15.3,1,5,14.6820440292358,2017-03-24 13:14:02
"   6531","15-6003",2017-03-24 13:13:03,"3ABB",40.7,3.71,13.3,0,1368,-299,100,507,11.7,1,5,19.572350025177,2017-03-24 13:14:22
"   6540","15-6003",2017-03-24 13:16:57,"3ABB",44.2,3.71,13.9,0,1304,-776,100,592,10,1,5,68.4832129478455,2017-03-24 13:18:16
"   6541","15-6003",2017-03-24 13:17:46,"3ABB",38.8,3.7,13.9,0,1272,-648,100,552,10.3,1,5,48.9233899116516,2017-03-24 13:19:05
"   6547","15-6003",2017-03-24 13:20:57,"3ABB",55.3,3.69,13.3,0,2061,-391,100,464,14.9,1,5,92.946436882019,2017-03-24 13:22:16
"   6548","15-6003",2017-03-24 13:21:07,"3ABB",55.3,3.69,13.3,0,2082,-237,100,633,13.4,1,5,9.78419518470764,2017-03-24 13:22:26
"   6549","15-6003",2017-03-24 13:22:35,"3ABB",42.1,3.71,12.9,0,1252,-676,100,531,10.5,1,5,88.0477869510651,2017-03-24 13:23:54
"   6550","15-6003",2017-03-24 13:23:29,"3ABB",52.2,3.7,12.7,0,1508,-999,100,547,11.9,1,5,53.8117010593414,2017-03-24 13:24:48
"   6561","15-6003",2017-03-24 13:27:58,"3ABB",38.8,3.71,13.7,0,1522,-1368,100,597,11.2,1,5,34.2573981285095,2017-03-24 13:29:17
"   6562","15-6003",2017-03-24 13:28:27,"3ABB",34.4,3.71,13.4,0,1284,-631,100,532,10.8,1,5,29.3651468753815,2017-03-24 13:29:46
"   6563","15-6003",2017-03-24 13:28:57,"3ABB",41.2,3.68,12.6,0,1073,-938,100,577,8.5,1,5,29.3560230731964,2017-03-24 13:30:16
"   6564","15-6003",2017-03-24 13:30:54,"3ABB",39.4,3.71,13.7,0,878,-431,100,517,7.7,1,5,117.416409015656,2017-03-24 13:32:13
"   6565","15-6003",2017-03-24 13:32:46,"3ABB",45.8,3.7,13.6,0,2049,-389,100,461,14.9,1,5,112.494787931442,2017-03-24 13:34:05
"   6566","15-6003",2017-03-24 13:33:40,"3ABB",47.5,3.71,13.4,0,1172,-1275,100,507,10.4,1,5,53.81112408638,2017-03-24 13:34:59
"   6567","15-6003",2017-03-24 13:33:45,"3ABB",47.5,3.71,13.4,0,1698,-921,100,471,13.1,1,5,4.89196395874023,2017-03-24 13:35:04
"   6570","15-6003",2017-03-24 13:34:39,"3ABB",38.1,3.7,13.5,0,1111,-1062,100,568,8.9,1,5,53.8105771541595,2017-03-24 13:35:58
"   6571","15-6003",2017-03-24 13:34:44,"3ABB",38.1,3.7,13.5,0,1200,-633,100,541,10,1,5,4.89194893836975,2017-03-24 13:36:03
"   6572","15-6003",2017-03-24 13:35:08,"3ABB",33.2,3.7,13.3,0,1690,-779,100,550,12.8,1,5,24.4505379199982,2017-03-24 13:36:27
"   6573","15-6003",2017-03-24 13:36:36,"3ABB",40.1,3.7,13.4,0,1254,-1111,100,567,10,1,5,88.0597441196442,2017-03-24 13:37:55
"   6574","15-6003",2017-03-24 13:38:09,"3ABB",39.8,3.7,13.4,0,2547,-271,100,517,16.9,1,5,92.9508719444275,2017-03-24 13:39:28
"   6575","15-6003",2017-03-24 13:39:03,"3ABB",49.8,3.69,13.2,0,1313,-534,100,447,11.3,1,5,53.8168940544128,2017-03-24 13:40:22
"   6576","15-6003",2017-03-24 13:39:13,"3ABB",38.3,3.7,13.4,0,1917,-611,100,557,13.8,1,5,9.78427195549011,2017-03-24 13:40:32
"   6577","15-6003",2017-03-24 13:39:37,"3ABB",49.2,3.7,13.4,0,1676,380,100,550,12.8,1,5,24.4576508998871,2017-03-24 13:40:56
"   6578","15-6003",2017-03-24 13:40:56,"3ABB",38.3,3.71,13.6,0,1811,-629,100,572,13.1,1,5,78.2677631378174,2017-03-24 13:42:15
"   6579","15-6003",2017-03-24 13:41:25,"3ABB",40.2,3.71,13.6,0,981,38,100,486,8,1,5,29.3429620265961,2017-03-24 13:42:44
"   6584","15-6003",2017-03-24 13:45:39,"3ABB",35.5,3.71,13.5,0,3145,-681,100,469,18.5,1,5,97.8052320480347,2017-03-24 13:46:58
"   6585","15-6003",2017-03-24 13:45:59,"3ABB",37.6,3.7,13.5,0,952,-460,100,439,8.7,1,5,19.5639448165894,2017-03-24 13:47:18
"   6586","15-6003",2017-03-24 13:46:48,"3ABB",44.4,3.7,13.4,0,1731,-767,100,501,13.9,1,5,48.9131240844727,2017-03-24 13:48:07
"   6587","15-6003",2017-03-24 13:48:26,"3ABB",45.6,3.69,12.4,0,1187,-771,100,497,9.5,1,5,97.7744970321655,2017-03-24 13:49:45
"   6588","15-6003",2017-03-24 13:49:05,"3ABB",36.3,3.7,13.3,0,1312,-137,100,488,10.5,1,5,39.1114270687103,2017-03-24 13:50:24
"   6589","15-6003",2017-03-24 13:49:10,"3ABB",53.8,3.7,12.5,0,1126,584,100,564,9.1,1,5,4.88922786712646,2017-03-24 13:50:29
"   6590","15-6003",2017-03-24 13:49:58,"3ABB",37,3.7,13.7,0,958,-293,100,602,7.1,1,5,48.8931450843811,2017-03-24 13:51:17
"   6591","15-6003",2017-03-24 13:50:38,"3ABB",49.9,3.7,13.4,0,1248,-716,100,550,10.2,1,5,39.135479927063,2017-03-24 13:51:57
"   6592","15-6003",2017-03-24 13:51:22,"3ABB",41.7,3.7,13.4,0,1734,-432,100,506,13.8,1,5,44.0174789428711,2017-03-24 13:52:41
"   6593","15-6003",2017-03-24 13:52:06,"3ABB",40.2,3.7,13.3,0,886,-522,100,498,6.9,1,5,44.0115211009979,2017-03-24 13:53:25
"   6594","15-6003",2017-03-24 13:52:25,"3ABB",52.1,3.7,13.6,0,1935,-764,100,388,15.9,1,5,19.5591650009155,2017-03-24 13:53:44
"   6596","15-6003",2017-03-24 13:53:34,"3ABB",44.8,3.71,13.4,0,1347,406,100,584,10.4,1,5,68.4587950706482,2017-03-24 13:54:53
"   6612","15-6003",2017-03-24 13:55:36,"3ABB",37.5,3.7,12.9,0,1886,-733,100,479,13.8,1,5,122.274834871292,2017-03-24 13:56:55
"   6616","15-6003",2017-03-24 13:56:10,"3ABB",48.6,3.69,13.4,0,681,-778,100,426,6,1,5,34.2335619926453,2017-03-24 13:57:29
"   6619","15-6003",2017-03-24 13:56:35,"3ABB",40,3.69,12.7,0,1258,-662,100,462,10.6,1,5,24.4530580043793,2017-03-24 13:57:54
"   6622","15-6003",2017-03-24 13:58:27,"3ABB",42.7,3.71,13.1,0,1878,-396,100,572,13.4,1,5,112.537593126297,2017-03-24 13:59:46
"   6623","15-6003",2017-03-24 13:58:42,"3ABB",48.2,3.7,13.4,0,2139,-538,100,484,14.8,1,5,14.6823890209198,2017-03-24 14:00:01
"   6624","15-6003",2017-03-24 13:59:36,"3ABB",46.8,3.71,14,0,2436,-946,100,523,16.5,1,5,53.8122959136963,2017-03-24 14:00:55
"   6625","15-6003",2017-03-24 13:59:55,"3ABB",49.7,3.72,13.3,0,942,-1104,100,591,7.1,1,5,19.5684189796448,2017-03-24 14:01:14
"   6626","15-6003",2017-03-24 14:00:44,"3ABB",47,3.71,13.6,0,984,-492,100,556,8.1,1,5,48.9279460906982,2017-03-24 14:02:03
"   6627","15-6003",2017-03-24 14:01:23,"3ABB",36.6,3.71,13.5,0,847,-544,100,589,6.3,1,5,39.1462650299072,2017-03-24 14:02:42
"   6628","15-6003",2017-03-24 14:01:33,"3ABB",36.6,3.71,13.5,0,1856,-339,100,526,14,1,5,9.78874087333679,2017-03-24 14:02:52
"   6629","15-6003",2017-03-24 14:03:26,"3ABB",43,3.72,13.4,0,775,-764,100,474,6.2,1,5,112.520208120346,2017-03-24 14:04:45
"   6630","15-6003",2017-03-24 14:05:03,"3ABB",49.6,3.7,13.3,0,1064,-356,100,437,9.7,1,5,97.832582950592,2017-03-24 14:06:22
"   6640","15-6003",2017-03-24 14:08:39,"3ABB",37.7,3.71,13.6,0,1536,-845,100,528,12.4,1,5,68.4752740859985,2017-03-24 14:09:58
"   6641","15-6003",2017-03-24 14:09:47,"3ABB",39.2,3.7,13.1,0,680,-85,100,497,4.7,1,5,68.4720621109009,2017-03-24 14:11:06
"   6642","15-6003",2017-03-24 14:10:41,"3ABB",42,3.7,13.3,0,978,-277,100,502,8.9,1,5,53.7963788509369,2017-03-24 14:12:00
"   6643","15-6003",2017-03-24 14:11:35,"3ABB",38,3.7,13.5,0,1378,-583,100,469,11.3,1,5,53.7947809696198,2017-03-24 14:12:54
"   6644","15-6003",2017-03-24 14:11:54,"3ABB",52.4,3.69,12.7,0,980,-509,100,485,8,1,5,19.5655391216278,2017-03-24 14:13:13
"   6645","15-6003",2017-03-24 14:12:09,"3ABB",41,3.71,13.3,0,652,-139,100,481,4.6,1,5,14.6670000553131,2017-03-24 14:13:28
"   6646","15-6003",2017-03-24 14:14:31,"3ABB",41.2,3.71,13.1,0,1825,-843,100,514,14.1,1,5,141.827951908112,2017-03-24 14:15:50
"   6647","15-6003",2017-03-24 14:14:36,"3ABB",41.2,3.71,13.1,0,933,-52,100,533,8,1,5,4.89127206802368,2017-03-24 14:15:55
"   6648","15-6003",2017-03-24 14:15:59,"3ABB",43.3,3.7,13.3,0,977,155,100,489,7.9,1,5,83.1497960090637,2017-03-24 14:17:18
"   6649","15-6003",2017-03-24 14:16:13,"3ABB",44.1,3.7,13.3,0,1865,43,100,577,13.3,1,5,14.6740119457245,2017-03-24 14:17:32
"   6650","15-6003",2017-03-24 14:16:23,"3ABB",42.6,3.7,13.3,0,1241,-556,100,475,10.3,1,5,9.78425288200378,2017-03-24 14:17:42
"   6651","15-6003",2017-03-24 14:18:11,"3ABB",43.4,3.69,12.8,0,2498,-320,100,543,16.4,1,5,107.59446310997,2017-03-24 14:19:30
"   6652","15-6003",2017-03-24 14:18:40,"3ABB",37.9,3.7,13.5,0,978,-547,100,485,8,1,5,29.3481500148773,2017-03-24 14:19:59
"   6653","15-6003",2017-03-24 14:18:50,"3ABB",37.9,3.7,13.5,0,1813,-400,100,416,14.7,1,5,9.78055191040039,2017-03-24 14:20:09
"   6654","15-6003",2017-03-24 14:19:44,"3ABB",48.1,3.7,13.6,0,1075,-803,100,522,9.4,1,5,53.8046541213989,2017-03-24 14:21:03
"   6655","15-6003",2017-03-24 14:20:13,"3ABB",32.9,3.7,13.1,0,1029,-509,100,495,8.3,1,5,29.3634049892426,2017-03-24 14:21:32
"   6656","15-6003",2017-03-24 14:20:23,"3ABB",48.6,3.69,14.2,0,1384,-774,100,472,11.3,1,5,9.78893303871155,2017-03-24 14:21:42
"   6657","15-6003",2017-03-24 14:22:11,"3ABB",48.8,3.7,13.5,0,1053,-1045,100,464,9.1,1,5,107.625253915787,2017-03-24 14:23:30
"   6658","15-6003",2017-03-24 14:22:55,"3ABB",35.9,3.7,13.4,0,1143,495,100,593,8.8,1,5,44.0185780525208,2017-03-24 14:24:14
"   6659","15-6003",2017-03-24 14:24:27,"3ABB",35,3.71,13.5,0,1496,-195,100,546,11.9,1,5,92.9374799728394,2017-03-24 14:25:46
"   6660","15-6003",2017-03-24 14:25:26,"3ABB",38.5,3.7,13.4,0,828,-655,100,526,7,1,5,58.6720659732819,2017-03-24 14:26:45
"   6661","15-6003",2017-03-24 14:25:41,"3ABB",39,3.7,13.4,0,1058,-958,100,507,9.5,1,5,14.6663279533386,2017-03-24 14:27:00
"   6662","15-6003",2017-03-24 14:27:14,"3ABB",39.6,3.7,13.5,0,1014,-652,100,464,8.7,1,5,92.8866000175476,2017-03-24 14:28:33
"   6675","15-6003",2017-03-24 14:33:16,"3ABB",41.4,3.71,13.9,0,739,-261,100,557,5.6,1,5,44.0302610397339,2017-03-24 14:34:35
"   6676","15-6003",2017-03-24 14:33:40,"3ABB",40.3,3.7,12.5,0,2489,-696,100,469,16.4,1,5,24.4533410072327,2017-03-24 14:34:59
"   6677","15-6003",2017-03-24 14:33:50,"3ABB",40.3,3.7,12.5,0,1480,-688,100,568,11.4,1,5,9.77782988548279,2017-03-24 14:35:09
"   6678","15-6003",2017-03-24 14:35:28,"3ABB",36.7,3.69,13.3,0,1472,-712,100,553,11.6,1,5,97.8094661235809,2017-03-24 14:36:47
"   6679","15-6003",2017-03-24 14:36:51,"3ABB",37.7,3.7,13.4,0,1580,-400,100,493,12.1,1,5,83.1367819309235,2017-03-24 14:38:10
"   6680","15-6003",2017-03-24 14:38:09,"3ABB",37,3.71,13.1,0,1095,-337,100,517,9.6,1,5,78.2429521083832,2017-03-24 14:39:28
"   6686","15-6003",2017-03-24 14:40:55,"3ABB",42.8,3.69,13.4,0,1039,-885,100,516,9.2,1,5,63.5697450637817,2017-03-24 14:42:14
"   6687","15-6003",2017-03-24 14:41:29,"3ABB",41.8,3.7,13.4,0,2626,-312,100,411,18,1,5,34.2264530658722,2017-03-24 14:42:48
"   6688","15-6003",2017-03-24 14:41:54,"3ABB",37.3,3.7,13.4,0,1539,-473,100,538,12.2,1,5,24.4520928859711,2017-03-24 14:43:13
"   6689","15-6003",2017-03-24 14:42:53,"3ABB",42.8,3.71,13.3,0,1023,-1303,100,457,8.9,1,5,58.7076570987701,2017-03-24 14:44:12
"   6690","15-6003",2017-03-24 14:43:27,"3ABB",39.7,3.71,13.4,0,4992,-536,100,509,22.9,1,5,34.2448370456696,2017-03-24 14:44:46
"   6691","15-6003",2017-03-24 14:43:56,"3ABB",41.7,3.7,13.4,0,920,-642,100,552,7.5,1,5,29.3433599472046,2017-03-24 14:45:15
"   6692","15-6003",2017-03-24 14:45:00,"3ABB",40.2,3.71,13.3,0,859,-1387,100,558,6.8,1,5,63.5865120887756,2017-03-24 14:46:19
"   6693","15-6003",2017-03-24 14:45:24,"3ABB",38.3,3.7,13.5,0,1408,7,100,502,12.1,1,5,24.4508829116821,2017-03-24 14:46:43
"   6694","15-6003",2017-03-24 14:45:39,"3ABB",45.4,3.7,13.4,0,1238,-337,100,493,9.9,1,5,14.6698899269104,2017-03-24 14:46:58
"   6695","15-6003",2017-03-24 14:46:18,"3ABB",46.7,3.69,13.4,0,1048,-448,100,507,9.4,1,5,39.1315200328827,2017-03-24 14:47:37
"   6696","15-6003",2017-03-24 14:47:22,"3ABB",43.7,3.7,13.4,0,1210,-658,100,529,10.3,1,5,63.5998179912567,2017-03-24 14:48:41
"   6697","15-6003",2017-03-24 14:47:41,"3ABB",42,3.71,13.2,0,852,-496,100,440,7.7,1,5,19.5710971355438,2017-03-24 14:49:00
"   6698","15-6003",2017-03-24 14:48:35,"3ABB",46.8,3.69,13.9,0,1314,169,100,516,11.2,1,5,53.800498008728,2017-03-24 14:49:54
"   6699","15-6003",2017-03-24 14:51:07,"3ABB",39.6,3.7,13.6,0,747,-927,100,457,6.2,1,5,151.612924814224,2017-03-24 14:52:26
"   6700","15-6003",2017-03-24 14:51:16,"3ABB",44.3,3.69,13.5,0,684,-1020,100,458,5.4,1,5,9.77906799316406,2017-03-24 14:52:35
"   6701","15-6003",2017-03-24 14:52:25,"3ABB",46.5,3.72,13.5,0,1081,-804,100,470,9.2,1,5,68.474828004837,2017-03-24 14:53:44
"   6706","15-6003",2017-03-24 14:54:52,"3ABB",40.4,3.72,13.9,0,1672,-279,100,503,13.5,1,5,34.2360188961029,2017-03-24 14:56:11
"   6707","15-6003",2017-03-24 14:55:45,"3ABB",38.7,3.69,13.4,0,1084,-1133,100,527,9.4,1,5,53.7959809303284,2017-03-24 14:57:04
"   6708","15-6003",2017-03-24 14:56:05,"3ABB",49.2,3.7,13.4,0,982,-707,100,576,7.7,1,5,19.5615839958191,2017-03-24 14:57:24
"   6710","15-6003",2017-03-24 14:56:54,"3ABB",36.9,3.71,13.5,0,4929,-338,100,550,22.1,1,5,48.9096331596375,2017-03-24 14:58:13
"   6713","15-6003",2017-03-24 14:57:18,"3ABB",48.7,3.7,13,0,742,-1308,100,523,6.1,1,5,24.4568548202515,2017-03-24 14:58:37
"   6715","15-6003",2017-03-24 14:57:23,"3ABB",35,3.69,13.2,0,1585,-201,100,487,12.2,1,5,4.8937201499939,2017-03-24 14:58:42
"   6718","15-6003",2017-03-24 14:57:58,"3ABB",49.6,3.7,13.5,0,848,-427,100,441,7.6,1,5,34.2478408813477,2017-03-24 14:59:17
"   6720","15-6003",2017-03-24 14:58:22,"3ABB",37.8,3.69,13.9,0,1312,-821,100,448,11.3,1,5,24.4553620815277,2017-03-24 14:59:41
"   6721","15-6003",2017-03-24 14:59:11,"3ABB",42.2,3.7,13.4,0,1872,-89,100,526,14.1,1,5,48.9159739017487,2017-03-24 15:00:30
"   6722","15-6003",2017-03-24 15:00:00,"3ABB",45.7,3.71,13.5,0,673,-630,100,447,5.5,1,5,48.9219071865082,2017-03-24 15:01:19
"   6723","15-6003",2017-03-24 15:00:10,"3ABB",53.7,3.7,13.3,0,1224,-796,100,414,11.4,1,5,9.7816469669342,2017-03-24 15:01:29
"   6724","15-6003",2017-03-24 15:00:24,"3ABB",32.5,3.7,14.1,0,2781,-486,100,513,17.8,1,5,14.6734127998352,2017-03-24 15:01:43
"   6725","15-6003",2017-03-24 15:02:07,"3ABB",37.5,3.69,13.4,0,2040,-215,100,519,15,1,5,102.7181661129,2017-03-24 15:03:26
"   6726","15-6003",2017-03-24 15:03:11,"3ABB",43.1,3.71,13.4,0,1067,-413,100,488,8.7,1,5,63.5835700035095,2017-03-24 15:04:30
"   6727","15-6003",2017-03-24 15:03:50,"3ABB",46.8,3.7,13.2,0,2090,-726,100,483,14.7,1,5,39.1303579807281,2017-03-24 15:05:09
"   6728","15-6003",2017-03-24 15:04:19,"3ABB",48.9,3.7,12.9,0,1870,-469,100,407,15.2,1,5,29.3473680019379,2017-03-24 15:05:38
"   6729","15-6003",2017-03-24 15:04:24,"3ABB",49.3,3.7,13.4,0,1422,-397,100,419,12.6,1,5,4.89114212989807,2017-03-24 15:05:43
"   6730","15-6003",2017-03-24 15:04:53,"3ABB",45.5,3.71,13.2,0,1427,-334,100,434,12.3,1,5,29.3552877902985,2017-03-24 15:06:12
"   6732","15-6003",2017-03-24 15:05:32,"3ABB",38.3,3.7,13.4,0,1927,-355,100,536,14.2,1,5,39.1306660175323,2017-03-24 15:06:51
"   6733","15-6003",2017-03-24 15:07:49,"3ABB",47.3,3.71,13.2,0,1030,-410,100,415,9.8,1,5,136.925266027451,2017-03-24 15:09:08
"   6734","15-6003",2017-03-24 15:07:59,"3ABB",40.1,3.7,13.2,0,1053,-479,100,525,9.1,1,5,9.78139209747314,2017-03-24 15:09:18
"   6735","15-6003",2017-03-24 15:08:43,"3ABB",40.3,3.7,13.1,0,884,-816,100,526,7.6,1,5,44.0209770202637,2017-03-24 15:10:02
"   6736","15-6003",2017-03-24 15:08:58,"3ABB",49.5,3.7,12.5,0,1182,-857,100,531,10,1,5,14.6731588840485,2017-03-24 15:10:17
"   6737","15-6003",2017-03-24 15:09:57,"3ABB",37.9,3.71,13.3,0,1454,-340,100,521,12,1,5,58.6911399364471,2017-03-24 15:11:16
"   6742","15-6003",2017-03-24 15:12:23,"3ABB",45.2,3.7,13.4,0,2242,-579,100,454,15.8,1,5,39.1256790161133,2017-03-24 15:13:42
"   6743","15-6003",2017-03-24 15:13:12,"3ABB",42,3.71,13.5,0,1694,67,100,516,13.4,1,5,48.9003789424896,2017-03-24 15:14:31
"   6744","15-6003",2017-03-24 15:13:32,"3ABB",48,3.7,13,0,1466,-1188,100,569,11.3,1,5,19.5591070652008,2017-03-24 15:14:51
"   6745","15-6003",2017-03-24 15:14:40,"3ABB",43.5,3.7,13.4,0,1717,-1247,100,523,13.4,1,5,68.471519947052,2017-03-24 15:15:59
"   6746","15-6003",2017-03-24 15:15:29,"3ABB",39.3,3.7,13.4,0,2010,-836,100,568,14.1,1,5,48.9075510501862,2017-03-24 15:16:48
"   6747","15-6003",2017-03-24 15:15:34,"3ABB",39.3,3.7,13.4,0,1040,-107,100,513,9.2,1,5,4.8886559009552,2017-03-24 15:16:53
"   6748","15-6003",2017-03-24 15:16:28,"3ABB",42.7,3.7,12.7,0,678,-1007,100,529,5.3,1,5,53.813294172287,2017-03-24 15:17:47
"   6749","15-6003",2017-03-24 15:16:47,"3ABB",42.2,3.71,13.5,0,2809,-49,100,544,17.4,1,5,19.5679099559784,2017-03-24 15:18:06
"   6751","15-6003",2017-03-24 15:17:27,"3ABB",34.7,3.71,13.9,0,2112,-591,100,556,14.7,1,5,39.1347508430481,2017-03-24 15:18:46
"   6752","15-6003",2017-03-24 15:18:40,"3ABB",49.7,3.7,13.5,0,1490,-371,100,459,12.2,1,5,73.3791260719299,2017-03-24 15:19:59
"   6762","15-6003",2017-03-24 15:25:55,"3ABB",42.4,3.69,13.6,0,1582,-450,100,575,11.9,1,5,88.0324559211731,2017-03-24 15:27:14
"   6763","15-6003",2017-03-24 15:26:59,"3ABB",46.8,3.69,13.4,0,944,-1056,100,566,7.5,1,5,63.6013870239258,2017-03-24 15:28:18
"   6764","15-6003",2017-03-24 15:27:18,"3ABB",40.2,3.7,13.5,0,1466,-264,100,502,12.4,1,5,19.5690190792084,2017-03-24 15:28:37
"   6765","15-6003",2017-03-24 15:28:27,"3ABB",39.6,3.7,14.1,0,692,-16,100,488,5,1,5,68.4859299659729,2017-03-24 15:29:46
"   6766","15-6003",2017-03-24 15:33:20,"3ABB",43.4,3.7,13.4,0,1677,-429,100,662,11.2,1,5,293.535172939301,2017-03-24 15:34:39
"   6767","15-6003",2017-03-24 15:33:30,"3ABB",41.8,3.71,13.4,0,1518,-998,100,624,10.8,1,5,9.787358045578,2017-03-24 15:34:49
"   6768","15-6003",2017-03-24 15:36:02,"3ABB",32.8,3.72,13.3,0,1320,-585,100,480,10.7,1,5,151.695421934128,2017-03-24 15:37:21
"   6769","15-6003",2017-03-24 15:36:17,"3ABB",46.3,3.7,13.4,0,822,-1086,100,532,6.9,1,5,14.6727750301361,2017-03-24 15:37:36
"   6770","15-6003",2017-03-24 15:36:56,"3ABB",37.6,3.7,13.4,0,979,-1099,100,584,7.6,1,5,39.1353211402893,2017-03-24 15:38:15
"   6803","15-6003",2017-03-24 15:48:55,"3ABB",36,3.7,13.1,0,919,-348,100,409,9,1,5,29.3594160079956,2017-03-24 15:50:14
"   6811","15-6003",2017-03-24 15:51:36,"3ABB",40.9,3.71,13.3,0,926,-692,100,610,6.7,1,5,53.8183200359344,2017-03-24 15:52:55
"   6812","15-6003",2017-03-24 15:51:56,"3ABB",43,3.7,13.4,0,721,-522,100,442,6.2,1,5,19.5652368068695,2017-03-24 15:53:15
"   6813","15-6003",2017-03-24 15:52:40,"3ABB",38.7,3.71,13.4,0,1021,-697,100,437,9.3,1,5,44.0328431129456,2017-03-24 15:53:59
"   6815","15-6003",2017-03-24 18:07:48,"3ABB",39,3.71,13.3,0,686,-337,100,516,5.6,1,5,8107.99672794342,2017-03-24 18:09:07
"   7133","15-6003",2017-03-26 06:53:00,"3ABB",40.7,3.67,13,0,782,-432,100,595,5.5,1,5,29.3294451236725,2017-03-26 06:54:19
"   7134","15-6003",2017-03-26 06:53:20,"3ABB",41.7,3.69,13.6,0,595,-647,100,501,4.6,1,5,19.5501358509064,2017-03-26 06:54:39
"   7139","15-6003",2017-03-26 06:55:32,"3ABB",47.4,3.69,13.3,0,671,-642,100,525,5.2,1,5,39.1247720718384,2017-03-26 06:56:51
"   3327","15-6003",2017-03-23 23:47:35,"3AC5",36.8,3.71,14.1,0,1375,1674,100,602,10.3,1,5,NA,2017-03-23 23:48:54
"   3331","15-6003",2017-03-23 23:48:11,"3AC5",33.1,3.71,13.8,0,1358,1238,100,810,7.6,1,5,35.1043350696564,2017-03-23 23:49:30
"   3332","15-6003",2017-03-23 23:48:21,"3AC5",33.1,3.71,13.8,0,1057,776,100,744,6.1,1,5,10.034471988678,2017-03-23 23:49:40
"   3339","15-6003",2017-03-23 23:49:01,"3AC5",43,3.7,13.9,0,588,1244,100,777,0.7,1,5,40.1568479537964,2017-03-23 23:50:20
"   7640","15-6003",2017-03-31 00:12:51,"3AC9",41.1,3.64,14.3,0,1082,81,100,589,8.4,1,5,NA,2017-03-31 00:14:10
"   1771","15-6003",2017-03-11 21:34:32,"3ACB",89.8,3.81,16.8,0,100,-2893,100,7,20,1,5,NA,2017-03-11 21:35:51
"   3897","15-6003",2017-03-24 00:37:11,"3ACD",36.3,3.71,14.5,0,568,1513,100,520,3.9,1,5,NA,2017-03-24 00:38:30
"   4435","15-6003",2017-03-24 02:39:03,"3B2A",41.6,3.72,13.8,0,799,826,100,594,5.7,1,5,NA,2017-03-24 02:40:22
"   4436","15-6003",2017-03-24 02:39:13,"3B2A",35.8,3.71,13.9,0,770,550,100,876,2,1,5,10.0127999782562,2017-03-24 02:40:32
"   4437","15-6003",2017-03-24 02:39:33,"3B2A",40.7,3.71,13.4,0,974,272,100,592,7.4,1,5,20.022047996521,2017-03-24 02:40:52
"   6986","15-6003",2017-03-25 11:21:55,"3B45",33.5,3.69,13,0,556,-317,100,509,3.9,1,5,NA,2017-03-25 11:23:14
"   4249","15-6003",2017-03-24 01:42:43,"3B4A",44.8,3.71,13.8,0,979,605,100,592,7.5,1,5,NA,2017-03-24 01:44:02
"   4142","15-6003",2017-03-24 01:21:05,"3B4D",57.4,3.71,13.9,0,1210,778,100,633,8.7,1,5,40.1774349212646,2017-03-24 01:22:24
"   4276","15-6003",2017-03-24 01:45:28,"3B51",42.4,3.71,14.6,0,732,107,100,531,5.9,1,5,NA,2017-03-24 01:46:47
"   4278","15-6003",2017-03-24 01:45:33,"3B51",42.4,3.71,14.6,0,1024,-169,100,599,7.8,1,5,5.01899480819702,2017-03-24 01:46:52
"   4282","15-6003",2017-03-24 01:45:43,"3B51",40.9,3.7,13.7,0,724,-50,100,631,4.3,1,5,10.0399010181427,2017-03-24 01:47:02
"   8593","15-6003",2017-04-10 13:04:13,"3BB5",36.7,3.57,13.8,0,750,793,100,655,4.3,1,5,NA,2017-04-10 13:05:32
"   8594","15-6003",2017-04-10 13:04:18,"3BB5",36.7,3.57,13.8,0,905,1242,100,625,6.3,1,5,5.04040288925171,2017-04-10 13:05:37
"   8595","15-6003",2017-04-10 13:04:48,"3BB5",39.9,3.58,13.8,0,902,298,100,556,7.3,1,5,30.2546789646149,2017-04-10 13:06:07
"   1023","15-6003",2017-03-08 17:55:06,"3CD5",89.7,3.84,24.1,0,68,-2083,100,7,16.7,1,5,NA,2017-03-08 17:56:25
"   2512","15-6003",2017-03-14 14:49:43,"3D4D",93.9,3.79,25.1,0,118,-1912,100,16,17.4,1,5,NA,2017-03-14 14:51:02
"   7826","15-6003",2017-04-01 21:54:23,"3D55",44.7,3.62,14.2,0,803,742,100,609,5.5,1,5,NA,2017-04-01 21:55:42
"   8123","15-6003",2017-04-04 13:52:58,"3D5B",46,3.61,15.1,0,933,1268,100,570,7.4,1,5,NA,2017-04-04 13:54:17
"   7957","15-6003",2017-04-02 22:53:57,"3D75",48.1,3.62,14.9,0,2046,322,100,613,13.6,1,5,NA,2017-04-02 22:55:16
"   7958","15-6003",2017-04-02 22:54:07,"3D75",48.1,3.62,14.9,0,2519,64,100,715,14,1,5,9.88961291313171,2017-04-02 22:55:26
"   7959","15-6003",2017-04-02 22:54:17,"3D75",42.2,3.62,14.8,0,1494,-41,100,718,9.5,1,5,9.89037609100342,2017-04-02 22:55:36
"   7575","15-6003",2017-03-29 18:33:54,"3DAB",38.2,3.65,14.7,0,644,-119,100,734,2,1,5,NA,2017-03-29 18:35:13
"   7576","15-6003",2017-03-29 18:33:59,"3DAB",38.2,3.65,14.7,0,667,-163,100,718,2.5,1,5,5.06836795806885,2017-03-29 18:35:18
"   8320","15-6003",2017-04-06 05:51:24,"3DAD",37.2,3.6,15.7,0,1497,426,100,714,9.5,1,5,NA,2017-04-06 05:52:43
"   8441","15-6003",2017-04-08 21:57:50,"40AA",49,3.58,13.4,0,1235,1085,100,601,9.4,1,5,NA,2017-04-08 21:59:09
"   7795","15-6003",2017-04-01 14:40:35,"40D5",38.9,3.63,14,0,644,693,100,650,3,1,5,NA,2017-04-01 14:41:54
"   8286","15-6003",2017-04-06 00:40:30,"4129",48.9,3.6,15.2,0,921,777,100,637,6.3,1,5,NA,2017-04-06 00:41:49
"   8287","15-6003",2017-04-06 00:40:40,"4129",46.2,3.61,15.9,0,688,798,100,574,4.7,1,5,9.89948701858521,2017-04-06 00:41:59
"  11381","15-6003",2017-04-23 11:30:04,"4169",41.1,3.51,15,0,680,-192,100,644,3.6,1,5,NA,2017-04-23 11:31:23
"  11382","15-6003",2017-04-23 11:30:09,"4169",43.4,3.51,16.1,0,1017,-591,100,695,6.4,1,5,4.96566700935364,2017-04-23 11:31:28
"  11383","15-6003",2017-04-23 11:30:14,"4169",43.4,3.51,16.1,0,1124,-744,100,633,8.1,1,5,4.96665215492249,2017-04-23 11:31:33
"   7806","15-6003",2017-04-01 20:36:35,"416A",40.5,3.63,14.3,0,760,-241,100,557,5.8,1,5,NA,2017-04-01 20:37:54
"   7298","15-6003",2017-03-27 18:49:42,"697D",41,3.66,13.8,0,619,930,100,649,2.7,1,5,NA,2017-03-27 18:51:01
"   7299","15-6003",2017-03-27 18:50:53,"697D",36.9,3.67,14,0,655,33,100,641,3.3,1,5,70.3403470516205,2017-03-27 18:52:12
"   7300","15-6003",2017-03-27 18:56:44,"697D",38.6,3.67,14,0,844,370,100,700,4.7,1,5,351.809880018234,2017-03-27 18:58:03
"   7301","15-6003",2017-03-27 18:56:49,"697D",38.6,3.67,14,0,760,41,100,681,4.1,1,5,5.02978086471558,2017-03-27 18:58:08
"   7302","15-6003",2017-03-27 18:59:00,"697D",40.2,3.67,14.5,0,686,308,100,663,3.4,1,5,130.731907129288,2017-03-27 19:00:19
"   7303","15-6003",2017-03-27 19:04:47,"697D",40.2,3.67,14.2,0,694,565,100,600,4.4,1,5,346.750352859497,2017-03-27 19:06:06
"   7304","15-6003",2017-03-27 19:10:59,"697D",41,3.66,13.8,0,872,848,100,573,6.7,1,5,371.903948068619,2017-03-27 19:12:18
"   7305","15-6003",2017-03-27 19:18:21,"697D",27.8,3.67,13.9,0,746,346,100,621,4.7,1,5,442.287508010864,2017-03-27 19:19:40
"   7307","15-6003",2017-03-28 07:02:10,"697D",35.2,3.66,13.4,0,550,559,100,541,3.2,1,5,42229.1909089088,2017-03-28 07:03:29
"   7308","15-6003",2017-03-28 07:03:16,"697D",46.8,3.66,12.6,0,704,103,100,628,4.1,1,5,65.3493411540985,2017-03-28 07:04:35
"   7309","15-6003",2017-03-28 07:17:05,"697D",46.6,3.67,13.6,0,608,550,100,583,3.5,1,5,829.388107061386,2017-03-28 07:18:24
"   7310","15-6003",2017-03-28 07:32:05,"697D",42.3,3.64,13.4,0,574,738,100,542,3.6,1,5,899.717812776566,2017-03-28 07:33:24
"   7311","15-6003",2017-03-28 07:33:25,"697D",41.7,3.66,13.5,0,544,1062,100,548,3,1,5,80.4302160739899,2017-03-28 07:34:44
"   7327","15-6003",2017-03-28 07:54:07,"697D",45.9,3.67,14.3,0,576,690,100,598,2.8,1,5,1241.60703802109,2017-03-28 07:55:26
"   7511","15-6003",2017-03-28 12:15:52,"697D",39.4,3.65,13.8,0,858,211,100,629,5.8,1,5,15705.0049829483,2017-03-28 12:17:11
"   8093","15-6003",2017-04-04 10:50:04,"6985",39.1,3.61,15,0,583,577,100,572,3.3,1,5,NA,2017-04-04 10:51:23
"   8094","15-6003",2017-04-04 10:50:29,"6985",43.4,3.6,14.8,0,879,556,100,578,6.7,1,5,25.2295920848846,2017-04-04 10:51:48
"   8095","15-6003",2017-04-04 10:50:34,"6985",43.4,3.6,14.8,0,1263,894,100,628,9.2,1,5,5.04706978797913,2017-04-04 10:51:53
"   4251","15-6003",2017-03-24 01:43:57,"6989",41,3.71,13.9,0,729,1056,100,625,4.4,1,5,NA,2017-03-24 01:45:16
"   4286","15-6003",2017-03-24 01:47:09,"6989",46.8,3.71,13.8,0,1066,1564,100,526,9.2,1,5,191.905780076981,2017-03-24 01:48:28
"   3750","15-6003",2017-03-24 00:31:45,"698D",38.9,3.71,13.9,0,582,520,100,510,4.2,1,5,NA,2017-03-24 00:33:04
"  15689","15-6003",2017-05-04 12:41:53,"6991",43.9,3.43,18.2,0,938,514,100,841,4,1,5,NA,2017-05-04 12:43:12
"  15690","15-6003",2017-05-04 12:42:17,"6991",39.5,3.44,18.8,0,682,22,100,762,2.1,1,5,24.7744560241699,2017-05-04 12:43:36
"   7915","15-6003",2017-04-02 13:13:18,"6992",37.8,3.61,14.4,0,962,796,100,660,6.4,1,5,NA,2017-04-02 13:14:37
"   7916","15-6003",2017-04-02 13:13:58,"6992",40.6,3.62,15.2,0,1236,352,100,612,9.2,1,5,39.6508169174194,2017-04-02 13:15:17
"   7573","15-6003",2017-03-29 12:27:51,"6994",38.3,3.65,14.3,0,708,-281,100,617,4.3,1,5,NA,2017-03-29 12:29:10
"   6307","15-6003",2017-03-24 12:08:29,"6995",30.5,3.7,13.5,0,1180,-150,100,411,11.1,1,5,NA,2017-03-24 12:09:48
"   6308","15-6003",2017-03-24 12:09:24,"6995",42,3.71,13.5,0,2156,48,100,528,15.3,1,5,54.5637118816376,2017-03-24 12:10:43
"   6309","15-6003",2017-03-24 12:09:29,"6995",42,3.71,13.5,0,1660,-717,100,569,12.4,1,5,4.95888900756836,2017-03-24 12:10:48
"   7911","15-6003",2017-04-02 09:24:06,"699B",39.7,3.62,14.1,0,926,281,100,551,7.6,1,5,NA,2017-04-02 09:25:25
"   7912","15-6003",2017-04-02 09:24:11,"699B",37.7,3.62,14,0,790,780,100,547,6.3,1,5,5.00914096832275,2017-04-02 09:25:30
"   7913","15-6003",2017-04-02 09:24:21,"699B",37.7,3.62,14,0,726,884,100,528,5.9,1,5,10.0171000957489,2017-04-02 09:25:40
"   4500","15-6003",2017-03-24 04:22:50,"69A2",55,3.7,13.7,0,1386,-655,100,556,11,1,5,34.7083969116211,2017-03-24 04:24:09
"   3293","15-6003",2017-03-23 23:39:57,"69AC",43.4,3.72,14.5,0,708,-548,100,599,4.6,1,5,NA,2017-03-23 23:41:16
"   3839","15-6003",2017-03-24 00:34:34,"69B1",40.8,3.71,14.4,0,591,340,100,637,2.4,1,5,NA,2017-03-24 00:35:53
"   3844","15-6003",2017-03-24 00:34:39,"69B1",34.6,3.71,14.2,0,642,564,100,631,3.2,1,5,5.02189016342163,2017-03-24 00:35:58
"   8120","15-6003",2017-04-04 10:55:16,"69B2",42.6,3.61,14.7,0,887,884,100,673,5.5,1,5,NA,2017-04-04 10:56:35
"   8121","15-6003",2017-04-04 10:55:21,"69B2",42.6,3.61,14.7,0,875,285,100,751,4.4,1,5,5.02815794944763,2017-04-04 10:56:40
"   8122","15-6003",2017-04-04 10:55:46,"69B2",42.5,3.6,14.8,0,2207,1426,100,686,13.2,1,5,25.1554081439972,2017-04-04 10:57:05
"   6082","15-6003",2017-03-24 10:18:40,"69B4",52.5,3.71,13.6,0,784,1202,100,463,6.5,1,5,NA,2017-03-24 10:19:59
"   6860","15-6003",2017-03-24 20:51:10,"69CB",37.4,3.69,13.2,0,846,180,100,661,5.2,1,5,NA,2017-03-24 20:52:29
"   3348","15-6003",2017-03-23 23:49:44,"69D7",50.1,3.7,13.8,0,668,-197,100,717,2.5,1,5,NA,2017-03-23 23:51:03
"   3359","15-6003",2017-03-23 23:50:49,"69D7",49.3,3.7,14,0,886,145,100,592,6.6,1,5,64.2266931533813,2017-03-23 23:52:08
"   3360","15-6003",2017-03-23 23:50:54,"69D7",40.6,3.72,13.6,0,798,781,100,703,4.2,1,5,4.94207000732422,2017-03-23 23:52:13
"   3361","15-6003",2017-03-23 23:51:33,"69D7",40.2,3.7,14,0,815,-369,100,639,5.2,1,5,39.5343549251556,2017-03-23 23:52:52
"   3198","15-6003",2017-03-23 23:27:06,"69D9",39.2,3.69,13.8,0,936,368,100,600,7,1,5,NA,2017-03-23 23:28:25
"   3026","15-6003",2017-03-16 11:38:33,"69DA",90,3.78,20.3,0,113,319,100,24,13.5,1,5,NA,2017-03-16 11:39:52
"   7036","15-6003",2017-03-25 20:06:01,"6A05",39.7,3.69,14.2,0,916,-192,100,679,5.7,1,5,NA,2017-03-25 20:07:20
"   7920","15-6003",2017-04-02 18:47:49,"6A09",40.3,3.62,14.8,0,868,424,100,698,5,1,5,NA,2017-04-02 18:49:08
"   7921","15-6003",2017-04-02 18:48:28,"6A09",41,3.63,14.9,0,816,326,100,716,4.2,1,5,39.3627939224243,2017-04-02 18:49:47
"   7922","15-6003",2017-04-02 18:48:53,"6A09",43.2,3.62,15.5,0,599,819,100,680,2,1,5,24.6036620140076,2017-04-02 18:50:12
"   6996","15-6003",2017-03-25 12:11:52,"6A0A",44.7,3.69,13.1,0,646,168,100,655,3,1,5,NA,2017-03-25 12:13:11
"   6997","15-6003",2017-03-25 12:12:17,"6A0A",33.8,3.69,13.2,0,1246,-616,100,559,10.1,1,5,25.0784060955048,2017-03-25 12:13:36
"   6998","15-6003",2017-03-25 12:12:27,"6A0A",38.7,3.69,13,0,2182,-419,100,534,15.3,1,5,10.0344388484955,2017-03-25 12:13:46
"  10329","15-6003",2017-04-15 10:20:28,"6A13",41.5,3.54,13.2,0,783,475,100,637,4.9,1,5,NA,2017-04-15 10:21:47
"  10330","15-6003",2017-04-15 10:20:38,"6A13",46.9,3.54,13.6,0,670,1138,100,575,4.4,1,5,9.92526197433472,2017-04-15 10:21:57
"   3770","15-6003",2017-03-24 00:32:32,"6A16",46.5,3.72,14.1,0,639,245,100,651,2.9,1,5,NA,2017-03-24 00:33:51
